TimeQuest Timing Analyzer report for I2C_maquina_estado
Wed Nov 05 20:25:40 2025
Quartus II 64-Bit Version 13.0.1 Build 232 06/12/2013 Service Pack 1 SJ Web Edition


---------------------
; Table of Contents ;
---------------------
  1. Legal Notice
  2. TimeQuest Timing Analyzer Summary
  3. Parallel Compilation
  4. Clocks
  5. Slow 1200mV 85C Model Fmax Summary
  6. Timing Closure Recommendations
  7. Slow 1200mV 85C Model Setup Summary
  8. Slow 1200mV 85C Model Hold Summary
  9. Slow 1200mV 85C Model Recovery Summary
 10. Slow 1200mV 85C Model Removal Summary
 11. Slow 1200mV 85C Model Minimum Pulse Width Summary
 12. Slow 1200mV 85C Model Setup: 'SCL'
 13. Slow 1200mV 85C Model Setup: 'Clock_registro'
 14. Slow 1200mV 85C Model Hold: 'SCL'
 15. Slow 1200mV 85C Model Hold: 'Clock_registro'
 16. Slow 1200mV 85C Model Minimum Pulse Width: 'SCL'
 17. Slow 1200mV 85C Model Minimum Pulse Width: 'Clock_registro'
 18. Setup Times
 19. Hold Times
 20. Clock to Output Times
 21. Minimum Clock to Output Times
 22. Propagation Delay
 23. Minimum Propagation Delay
 24. Output Enable Times
 25. Minimum Output Enable Times
 26. Output Disable Times
 27. Minimum Output Disable Times
 28. Slow 1200mV 85C Model Metastability Report
 29. Slow 1200mV 0C Model Fmax Summary
 30. Slow 1200mV 0C Model Setup Summary
 31. Slow 1200mV 0C Model Hold Summary
 32. Slow 1200mV 0C Model Recovery Summary
 33. Slow 1200mV 0C Model Removal Summary
 34. Slow 1200mV 0C Model Minimum Pulse Width Summary
 35. Slow 1200mV 0C Model Setup: 'SCL'
 36. Slow 1200mV 0C Model Setup: 'Clock_registro'
 37. Slow 1200mV 0C Model Hold: 'SCL'
 38. Slow 1200mV 0C Model Hold: 'Clock_registro'
 39. Slow 1200mV 0C Model Minimum Pulse Width: 'SCL'
 40. Slow 1200mV 0C Model Minimum Pulse Width: 'Clock_registro'
 41. Setup Times
 42. Hold Times
 43. Clock to Output Times
 44. Minimum Clock to Output Times
 45. Propagation Delay
 46. Minimum Propagation Delay
 47. Output Enable Times
 48. Minimum Output Enable Times
 49. Output Disable Times
 50. Minimum Output Disable Times
 51. Slow 1200mV 0C Model Metastability Report
 52. Fast 1200mV 0C Model Setup Summary
 53. Fast 1200mV 0C Model Hold Summary
 54. Fast 1200mV 0C Model Recovery Summary
 55. Fast 1200mV 0C Model Removal Summary
 56. Fast 1200mV 0C Model Minimum Pulse Width Summary
 57. Fast 1200mV 0C Model Setup: 'SCL'
 58. Fast 1200mV 0C Model Setup: 'Clock_registro'
 59. Fast 1200mV 0C Model Hold: 'SCL'
 60. Fast 1200mV 0C Model Hold: 'Clock_registro'
 61. Fast 1200mV 0C Model Minimum Pulse Width: 'SCL'
 62. Fast 1200mV 0C Model Minimum Pulse Width: 'Clock_registro'
 63. Setup Times
 64. Hold Times
 65. Clock to Output Times
 66. Minimum Clock to Output Times
 67. Propagation Delay
 68. Minimum Propagation Delay
 69. Output Enable Times
 70. Minimum Output Enable Times
 71. Output Disable Times
 72. Minimum Output Disable Times
 73. Fast 1200mV 0C Model Metastability Report
 74. Multicorner Timing Analysis Summary
 75. Setup Times
 76. Hold Times
 77. Clock to Output Times
 78. Minimum Clock to Output Times
 79. Progagation Delay
 80. Minimum Progagation Delay
 81. Board Trace Model Assignments
 82. Input Transition Times
 83. Slow Corner Signal Integrity Metrics
 84. Fast Corner Signal Integrity Metrics
 85. Setup Transfers
 86. Hold Transfers
 87. Report TCCS
 88. Report RSKM
 89. Unconstrained Paths
 90. TimeQuest Timing Analyzer Messages



----------------
; Legal Notice ;
----------------
Copyright (C) 1991-2013 Altera Corporation
Your use of Altera Corporation's design tools, logic functions 
and other software and tools, and its AMPP partner logic 
functions, and any output files from any of the foregoing 
(including device programming or simulation files), and any 
associated documentation or information are expressly subject 
to the terms and conditions of the Altera Program License 
Subscription Agreement, Altera MegaCore Function License 
Agreement, or other applicable license agreement, including, 
without limitation, that your use is for the sole purpose of 
programming logic devices manufactured by Altera and sold by 
Altera or its authorized distributors.  Please refer to the 
applicable agreement for further details.



+----------------------------------------------------------------------------------------+
; TimeQuest Timing Analyzer Summary                                                      ;
+--------------------+-------------------------------------------------------------------+
; Quartus II Version ; Version 13.0.1 Build 232 06/12/2013 Service Pack 1 SJ Web Edition ;
; Revision Name      ; I2C_maquina_estado                                                ;
; Device Family      ; Cyclone III                                                       ;
; Device Name        ; EP3C120F780C7                                                     ;
; Timing Models      ; Final                                                             ;
; Delay Model        ; Combined                                                          ;
; Rise/Fall Delays   ; Enabled                                                           ;
+--------------------+-------------------------------------------------------------------+


Parallel compilation was disabled, but you have multiple processors available. Enable parallel compilation to reduce compilation time.
+-------------------------------------+
; Parallel Compilation                ;
+----------------------------+--------+
; Processors                 ; Number ;
+----------------------------+--------+
; Number detected on machine ; 4      ;
; Maximum allowed            ; 1      ;
+----------------------------+--------+


+------------------------------------------------------------------------------------------------------------------------------------------------------------------------------------------------+
; Clocks                                                                                                                                                                                         ;
+----------------+------+--------+------------+-------+-------+------------+-----------+-------------+-------+--------+-----------+------------+----------+--------+--------+--------------------+
; Clock Name     ; Type ; Period ; Frequency  ; Rise  ; Fall  ; Duty Cycle ; Divide by ; Multiply by ; Phase ; Offset ; Edge List ; Edge Shift ; Inverted ; Master ; Source ; Targets            ;
+----------------+------+--------+------------+-------+-------+------------+-----------+-------------+-------+--------+-----------+------------+----------+--------+--------+--------------------+
; Clock_registro ; Base ; 1.000  ; 1000.0 MHz ; 0.000 ; 0.500 ;            ;           ;             ;       ;        ;           ;            ;          ;        ;        ; { Clock_registro } ;
; SCL            ; Base ; 1.000  ; 1000.0 MHz ; 0.000 ; 0.500 ;            ;           ;             ;       ;        ;           ;            ;          ;        ;        ; { SCL }            ;
+----------------+------+--------+------------+-------+-------+------------+-----------+-------------+-------+--------+-----------+------------+----------+--------+--------+--------------------+


+---------------------------------------------------------------------------------------------------------------+
; Slow 1200mV 85C Model Fmax Summary                                                                            ;
+------------+-----------------+----------------+---------------------------------------------------------------+
; Fmax       ; Restricted Fmax ; Clock Name     ; Note                                                          ;
+------------+-----------------+----------------+---------------------------------------------------------------+
; 150.63 MHz ; 150.63 MHz      ; SCL            ;                                                               ;
; 938.09 MHz ; 250.0 MHz       ; Clock_registro ; limit due to minimum period restriction (max I/O toggle rate) ;
+------------+-----------------+----------------+---------------------------------------------------------------+
This panel reports FMAX for every clock in the design, regardless of the user-specified clock periods.  FMAX is only computed for paths where the source and destination registers or ports are driven by the same clock.  Paths of different clocks, including generated clocks, are ignored.  For paths between a clock and its inversion, FMAX is computed as if the rising and falling edges are scaled along with FMAX, such that the duty cycle (in terms of a percentage) is maintained. Altera recommends that you always use clock constraints and other slack reports for sign-off analysis.


----------------------------------
; Timing Closure Recommendations ;
----------------------------------
HTML report is unavailable in plain text report export.


+-----------------------------------------+
; Slow 1200mV 85C Model Setup Summary     ;
+----------------+--------+---------------+
; Clock          ; Slack  ; End Point TNS ;
+----------------+--------+---------------+
; SCL            ; -5.639 ; -32.251       ;
; Clock_registro ; -0.066 ; -0.066        ;
+----------------+--------+---------------+


+----------------------------------------+
; Slow 1200mV 85C Model Hold Summary     ;
+----------------+-------+---------------+
; Clock          ; Slack ; End Point TNS ;
+----------------+-------+---------------+
; SCL            ; 0.159 ; 0.000         ;
; Clock_registro ; 0.435 ; 0.000         ;
+----------------+-------+---------------+


------------------------------------------
; Slow 1200mV 85C Model Recovery Summary ;
------------------------------------------
No paths to report.


-----------------------------------------
; Slow 1200mV 85C Model Removal Summary ;
-----------------------------------------
No paths to report.


+---------------------------------------------------+
; Slow 1200mV 85C Model Minimum Pulse Width Summary ;
+----------------+--------+-------------------------+
; Clock          ; Slack  ; End Point TNS           ;
+----------------+--------+-------------------------+
; SCL            ; -3.000 ; -37.695                 ;
; Clock_registro ; -3.000 ; -11.995                 ;
+----------------+--------+-------------------------+


+----------------------------------------------------------------------------------------------------------------------------------------------------------------------------------------------------------------------------------------------------------------------------------+
; Slow 1200mV 85C Model Setup: 'SCL'                                                                                                                                                                                                                                               ;
+--------+------------------------------------------------------------------------------------------------+------------------------------------------------------------------------------------------------+----------------+-------------+--------------+------------+------------+
; Slack  ; From Node                                                                                      ; To Node                                                                                        ; Launch Clock   ; Latch Clock ; Relationship ; Clock Skew ; Data Delay ;
+--------+------------------------------------------------------------------------------------------------+------------------------------------------------------------------------------------------------+----------------+-------------+--------------+------------+------------+
; -5.639 ; contador_8:inst12|lpm_counter:LPM_COUNTER_component|cntr_5vj:auto_generated|counter_reg_bit[1] ; I2C_maquina_estado:inst|fstate.Oscioso                                                         ; SCL            ; SCL         ; 1.000        ; -3.659     ; 2.978      ;
; -5.535 ; contador_8:inst12|lpm_counter:LPM_COUNTER_component|cntr_5vj:auto_generated|counter_reg_bit[0] ; I2C_maquina_estado:inst|fstate.Oscioso                                                         ; SCL            ; SCL         ; 1.000        ; -3.659     ; 2.874      ;
; -5.504 ; contador7:inst4|lpm_counter:LPM_COUNTER_component|cntr_tki:auto_generated|counter_reg_bit[0]   ; I2C_maquina_estado:inst|fstate.R_W                                                             ; SCL            ; SCL         ; 1.000        ; -3.639     ; 2.863      ;
; -5.490 ; contador_8:inst12|lpm_counter:LPM_COUNTER_component|cntr_5vj:auto_generated|counter_reg_bit[3] ; I2C_maquina_estado:inst|fstate.Oscioso                                                         ; SCL            ; SCL         ; 1.000        ; -3.659     ; 2.829      ;
; -5.477 ; contador7:inst4|lpm_counter:LPM_COUNTER_component|cntr_tki:auto_generated|counter_reg_bit[1]   ; I2C_maquina_estado:inst|fstate.R_W                                                             ; SCL            ; SCL         ; 1.000        ; -3.639     ; 2.836      ;
; -5.403 ; contador_8:inst12|lpm_counter:LPM_COUNTER_component|cntr_5vj:auto_generated|counter_reg_bit[2] ; I2C_maquina_estado:inst|fstate.Oscioso                                                         ; SCL            ; SCL         ; 1.000        ; -3.659     ; 2.742      ;
; -5.373 ; contador7:inst4|lpm_counter:LPM_COUNTER_component|cntr_tki:auto_generated|counter_reg_bit[2]   ; I2C_maquina_estado:inst|fstate.R_W                                                             ; SCL            ; SCL         ; 1.000        ; -3.639     ; 2.732      ;
; -5.286 ; contador7:inst4|lpm_counter:LPM_COUNTER_component|cntr_tki:auto_generated|counter_reg_bit[0]   ; I2C_maquina_estado:inst|fstate.Oscioso                                                         ; SCL            ; SCL         ; 1.000        ; -3.639     ; 2.645      ;
; -5.281 ; registro7:inst13|lpm_shiftreg:LPM_SHIFTREG_component|dffs[0]                                   ; I2C_maquina_estado:inst|fstate.Oscioso                                                         ; SCL            ; SCL         ; 1.000        ; -3.651     ; 2.628      ;
; -5.251 ; registro7:inst13|lpm_shiftreg:LPM_SHIFTREG_component|dffs[0]                                   ; I2C_maquina_estado:inst|fstate.R_W                                                             ; SCL            ; SCL         ; 1.000        ; -3.651     ; 2.598      ;
; -5.250 ; contador7:inst4|lpm_counter:LPM_COUNTER_component|cntr_tki:auto_generated|counter_reg_bit[1]   ; I2C_maquina_estado:inst|fstate.Oscioso                                                         ; SCL            ; SCL         ; 1.000        ; -3.639     ; 2.609      ;
; -5.165 ; registro7:inst13|lpm_shiftreg:LPM_SHIFTREG_component|dffs[6]                                   ; I2C_maquina_estado:inst|fstate.Oscioso                                                         ; SCL            ; SCL         ; 1.000        ; -3.651     ; 2.512      ;
; -5.155 ; contador7:inst4|lpm_counter:LPM_COUNTER_component|cntr_tki:auto_generated|counter_reg_bit[2]   ; I2C_maquina_estado:inst|fstate.Oscioso                                                         ; SCL            ; SCL         ; 1.000        ; -3.639     ; 2.514      ;
; -5.045 ; registro7:inst13|lpm_shiftreg:LPM_SHIFTREG_component|dffs[2]                                   ; I2C_maquina_estado:inst|fstate.Oscioso                                                         ; SCL            ; SCL         ; 1.000        ; -3.651     ; 2.392      ;
; -5.028 ; registro7:inst13|lpm_shiftreg:LPM_SHIFTREG_component|dffs[1]                                   ; I2C_maquina_estado:inst|fstate.Oscioso                                                         ; SCL            ; SCL         ; 1.000        ; -3.651     ; 2.375      ;
; -5.024 ; registro7:inst13|lpm_shiftreg:LPM_SHIFTREG_component|dffs[4]                                   ; I2C_maquina_estado:inst|fstate.Oscioso                                                         ; SCL            ; SCL         ; 1.000        ; -3.651     ; 2.371      ;
; -4.961 ; registro7:inst13|lpm_shiftreg:LPM_SHIFTREG_component|dffs[1]                                   ; I2C_maquina_estado:inst|fstate.R_W                                                             ; SCL            ; SCL         ; 1.000        ; -3.651     ; 2.308      ;
; -4.886 ; registro7:inst13|lpm_shiftreg:LPM_SHIFTREG_component|dffs[6]                                   ; I2C_maquina_estado:inst|fstate.R_W                                                             ; SCL            ; SCL         ; 1.000        ; -3.651     ; 2.233      ;
; -4.860 ; registro7:inst13|lpm_shiftreg:LPM_SHIFTREG_component|dffs[3]                                   ; I2C_maquina_estado:inst|fstate.Oscioso                                                         ; SCL            ; SCL         ; 1.000        ; -3.651     ; 2.207      ;
; -4.840 ; registro7:inst13|lpm_shiftreg:LPM_SHIFTREG_component|dffs[3]                                   ; I2C_maquina_estado:inst|fstate.R_W                                                             ; SCL            ; SCL         ; 1.000        ; -3.651     ; 2.187      ;
; -4.740 ; registro7:inst13|lpm_shiftreg:LPM_SHIFTREG_component|dffs[4]                                   ; I2C_maquina_estado:inst|fstate.R_W                                                             ; SCL            ; SCL         ; 1.000        ; -3.651     ; 2.087      ;
; -4.666 ; registro7:inst13|lpm_shiftreg:LPM_SHIFTREG_component|dffs[5]                                   ; I2C_maquina_estado:inst|fstate.Oscioso                                                         ; SCL            ; SCL         ; 1.000        ; -3.651     ; 2.013      ;
; -4.615 ; registro7:inst13|lpm_shiftreg:LPM_SHIFTREG_component|dffs[2]                                   ; I2C_maquina_estado:inst|fstate.R_W                                                             ; SCL            ; SCL         ; 1.000        ; -3.651     ; 1.962      ;
; -4.441 ; contador7:inst4|lpm_counter:LPM_COUNTER_component|cntr_tki:auto_generated|counter_reg_bit[0]   ; I2C_maquina_estado:inst|fstate.Guardar_dir                                                     ; SCL            ; SCL         ; 1.000        ; -2.763     ; 2.676      ;
; -4.366 ; contador7:inst4|lpm_counter:LPM_COUNTER_component|cntr_tki:auto_generated|counter_reg_bit[1]   ; I2C_maquina_estado:inst|fstate.Guardar_dir                                                     ; SCL            ; SCL         ; 1.000        ; -2.763     ; 2.601      ;
; -4.310 ; contador7:inst4|lpm_counter:LPM_COUNTER_component|cntr_tki:auto_generated|counter_reg_bit[2]   ; I2C_maquina_estado:inst|fstate.Guardar_dir                                                     ; SCL            ; SCL         ; 1.000        ; -2.763     ; 2.545      ;
; -4.234 ; registro7:inst13|lpm_shiftreg:LPM_SHIFTREG_component|dffs[5]                                   ; I2C_maquina_estado:inst|fstate.R_W                                                             ; SCL            ; SCL         ; 1.000        ; -3.651     ; 1.581      ;
; -4.220 ; contador_8:inst12|lpm_counter:LPM_COUNTER_component|cntr_5vj:auto_generated|counter_reg_bit[1] ; I2C_maquina_estado:inst|fstate.guardar_dato                                                    ; SCL            ; SCL         ; 1.000        ; -2.710     ; 2.508      ;
; -4.124 ; contador_8:inst12|lpm_counter:LPM_COUNTER_component|cntr_5vj:auto_generated|counter_reg_bit[2] ; I2C_maquina_estado:inst|fstate.guardar_dato                                                    ; SCL            ; SCL         ; 1.000        ; -2.710     ; 2.412      ;
; -4.116 ; contador_8:inst12|lpm_counter:LPM_COUNTER_component|cntr_5vj:auto_generated|counter_reg_bit[0] ; I2C_maquina_estado:inst|fstate.guardar_dato                                                    ; SCL            ; SCL         ; 1.000        ; -2.710     ; 2.404      ;
; -4.071 ; contador_8:inst12|lpm_counter:LPM_COUNTER_component|cntr_5vj:auto_generated|counter_reg_bit[3] ; I2C_maquina_estado:inst|fstate.guardar_dato                                                    ; SCL            ; SCL         ; 1.000        ; -2.710     ; 2.359      ;
; -2.212 ; contador_8:inst12|lpm_counter:LPM_COUNTER_component|cntr_5vj:auto_generated|counter_reg_bit[1] ; contador_8:inst12|lpm_counter:LPM_COUNTER_component|cntr_5vj:auto_generated|counter_reg_bit[0] ; SCL            ; SCL         ; 1.000        ; -0.081     ; 3.129      ;
; -2.212 ; contador_8:inst12|lpm_counter:LPM_COUNTER_component|cntr_5vj:auto_generated|counter_reg_bit[1] ; contador_8:inst12|lpm_counter:LPM_COUNTER_component|cntr_5vj:auto_generated|counter_reg_bit[1] ; SCL            ; SCL         ; 1.000        ; -0.081     ; 3.129      ;
; -2.212 ; contador_8:inst12|lpm_counter:LPM_COUNTER_component|cntr_5vj:auto_generated|counter_reg_bit[1] ; contador_8:inst12|lpm_counter:LPM_COUNTER_component|cntr_5vj:auto_generated|counter_reg_bit[2] ; SCL            ; SCL         ; 1.000        ; -0.081     ; 3.129      ;
; -2.212 ; contador_8:inst12|lpm_counter:LPM_COUNTER_component|cntr_5vj:auto_generated|counter_reg_bit[1] ; contador_8:inst12|lpm_counter:LPM_COUNTER_component|cntr_5vj:auto_generated|counter_reg_bit[3] ; SCL            ; SCL         ; 1.000        ; -0.081     ; 3.129      ;
; -2.108 ; contador_8:inst12|lpm_counter:LPM_COUNTER_component|cntr_5vj:auto_generated|counter_reg_bit[0] ; contador_8:inst12|lpm_counter:LPM_COUNTER_component|cntr_5vj:auto_generated|counter_reg_bit[0] ; SCL            ; SCL         ; 1.000        ; -0.081     ; 3.025      ;
; -2.108 ; contador_8:inst12|lpm_counter:LPM_COUNTER_component|cntr_5vj:auto_generated|counter_reg_bit[0] ; contador_8:inst12|lpm_counter:LPM_COUNTER_component|cntr_5vj:auto_generated|counter_reg_bit[1] ; SCL            ; SCL         ; 1.000        ; -0.081     ; 3.025      ;
; -2.108 ; contador_8:inst12|lpm_counter:LPM_COUNTER_component|cntr_5vj:auto_generated|counter_reg_bit[0] ; contador_8:inst12|lpm_counter:LPM_COUNTER_component|cntr_5vj:auto_generated|counter_reg_bit[2] ; SCL            ; SCL         ; 1.000        ; -0.081     ; 3.025      ;
; -2.108 ; contador_8:inst12|lpm_counter:LPM_COUNTER_component|cntr_5vj:auto_generated|counter_reg_bit[0] ; contador_8:inst12|lpm_counter:LPM_COUNTER_component|cntr_5vj:auto_generated|counter_reg_bit[3] ; SCL            ; SCL         ; 1.000        ; -0.081     ; 3.025      ;
; -2.063 ; contador_8:inst12|lpm_counter:LPM_COUNTER_component|cntr_5vj:auto_generated|counter_reg_bit[3] ; contador_8:inst12|lpm_counter:LPM_COUNTER_component|cntr_5vj:auto_generated|counter_reg_bit[0] ; SCL            ; SCL         ; 1.000        ; -0.081     ; 2.980      ;
; -2.063 ; contador_8:inst12|lpm_counter:LPM_COUNTER_component|cntr_5vj:auto_generated|counter_reg_bit[3] ; contador_8:inst12|lpm_counter:LPM_COUNTER_component|cntr_5vj:auto_generated|counter_reg_bit[1] ; SCL            ; SCL         ; 1.000        ; -0.081     ; 2.980      ;
; -2.063 ; contador_8:inst12|lpm_counter:LPM_COUNTER_component|cntr_5vj:auto_generated|counter_reg_bit[3] ; contador_8:inst12|lpm_counter:LPM_COUNTER_component|cntr_5vj:auto_generated|counter_reg_bit[2] ; SCL            ; SCL         ; 1.000        ; -0.081     ; 2.980      ;
; -2.063 ; contador_8:inst12|lpm_counter:LPM_COUNTER_component|cntr_5vj:auto_generated|counter_reg_bit[3] ; contador_8:inst12|lpm_counter:LPM_COUNTER_component|cntr_5vj:auto_generated|counter_reg_bit[3] ; SCL            ; SCL         ; 1.000        ; -0.081     ; 2.980      ;
; -2.036 ; I2C_maquina_estado:inst|fstate.Guardar_dir                                                     ; I2C_maquina_estado:inst|fstate.Oscioso                                                         ; SCL            ; SCL         ; 1.000        ; -1.027     ; 2.007      ;
; -2.025 ; I2C_maquina_estado:inst|fstate.Guardar_dir                                                     ; I2C_maquina_estado:inst|fstate.R_W                                                             ; SCL            ; SCL         ; 1.000        ; -1.027     ; 1.996      ;
; -1.976 ; contador_8:inst12|lpm_counter:LPM_COUNTER_component|cntr_5vj:auto_generated|counter_reg_bit[2] ; contador_8:inst12|lpm_counter:LPM_COUNTER_component|cntr_5vj:auto_generated|counter_reg_bit[0] ; SCL            ; SCL         ; 1.000        ; -0.081     ; 2.893      ;
; -1.976 ; contador_8:inst12|lpm_counter:LPM_COUNTER_component|cntr_5vj:auto_generated|counter_reg_bit[2] ; contador_8:inst12|lpm_counter:LPM_COUNTER_component|cntr_5vj:auto_generated|counter_reg_bit[1] ; SCL            ; SCL         ; 1.000        ; -0.081     ; 2.893      ;
; -1.976 ; contador_8:inst12|lpm_counter:LPM_COUNTER_component|cntr_5vj:auto_generated|counter_reg_bit[2] ; contador_8:inst12|lpm_counter:LPM_COUNTER_component|cntr_5vj:auto_generated|counter_reg_bit[2] ; SCL            ; SCL         ; 1.000        ; -0.081     ; 2.893      ;
; -1.976 ; contador_8:inst12|lpm_counter:LPM_COUNTER_component|cntr_5vj:auto_generated|counter_reg_bit[2] ; contador_8:inst12|lpm_counter:LPM_COUNTER_component|cntr_5vj:auto_generated|counter_reg_bit[3] ; SCL            ; SCL         ; 1.000        ; -0.081     ; 2.893      ;
; -1.888 ; I2C_maquina_estado:inst|fstate.guardar_dato                                                    ; I2C_maquina_estado:inst|fstate.Oscioso                                                         ; SCL            ; SCL         ; 1.000        ; -1.103     ; 1.783      ;
; -1.833 ; I2C_maquina_estado:inst|fstate.Oscioso                                                         ; I2C_maquina_estado:inst|fstate.Oscioso                                                         ; SCL            ; SCL         ; 1.000        ; -0.082     ; 2.749      ;
; -1.510 ; registro7:DIRECCION|lpm_shiftreg:LPM_SHIFTREG_component|dffs[5]                                ; I2C_maquina_estado:inst|fstate.Oscioso                                                         ; Clock_registro ; SCL         ; 1.000        ; -0.112     ; 2.376      ;
; -1.183 ; registro7:DIRECCION|lpm_shiftreg:LPM_SHIFTREG_component|dffs[2]                                ; I2C_maquina_estado:inst|fstate.Oscioso                                                         ; Clock_registro ; SCL         ; 1.000        ; -0.112     ; 2.049      ;
; -1.181 ; registro7:DIRECCION|lpm_shiftreg:LPM_SHIFTREG_component|dffs[4]                                ; I2C_maquina_estado:inst|fstate.Oscioso                                                         ; Clock_registro ; SCL         ; 1.000        ; -0.112     ; 2.047      ;
; -1.169 ; registro7:DIRECCION|lpm_shiftreg:LPM_SHIFTREG_component|dffs[0]                                ; I2C_maquina_estado:inst|fstate.Oscioso                                                         ; Clock_registro ; SCL         ; 1.000        ; -0.112     ; 2.035      ;
; -1.149 ; registro7:DIRECCION|lpm_shiftreg:LPM_SHIFTREG_component|dffs[0]                                ; I2C_maquina_estado:inst|fstate.R_W                                                             ; Clock_registro ; SCL         ; 1.000        ; -0.112     ; 2.015      ;
; -1.140 ; registro7:DIRECCION|lpm_shiftreg:LPM_SHIFTREG_component|dffs[6]                                ; I2C_maquina_estado:inst|fstate.Oscioso                                                         ; Clock_registro ; SCL         ; 1.000        ; -0.112     ; 2.006      ;
; -1.085 ; registro7:DIRECCION|lpm_shiftreg:LPM_SHIFTREG_component|dffs[5]                                ; I2C_maquina_estado:inst|fstate.R_W                                                             ; Clock_registro ; SCL         ; 1.000        ; -0.112     ; 1.951      ;
; -1.018 ; registro7:DIRECCION|lpm_shiftreg:LPM_SHIFTREG_component|dffs[1]                                ; I2C_maquina_estado:inst|fstate.Oscioso                                                         ; Clock_registro ; SCL         ; 1.000        ; -0.112     ; 1.884      ;
; -1.008 ; registro7:DIRECCION|lpm_shiftreg:LPM_SHIFTREG_component|dffs[1]                                ; I2C_maquina_estado:inst|fstate.R_W                                                             ; Clock_registro ; SCL         ; 1.000        ; -0.112     ; 1.874      ;
; -0.932 ; registro7:DIRECCION|lpm_shiftreg:LPM_SHIFTREG_component|dffs[4]                                ; I2C_maquina_estado:inst|fstate.R_W                                                             ; Clock_registro ; SCL         ; 1.000        ; -0.112     ; 1.798      ;
; -0.888 ; registro7:DIRECCION|lpm_shiftreg:LPM_SHIFTREG_component|dffs[3]                                ; I2C_maquina_estado:inst|fstate.Oscioso                                                         ; Clock_registro ; SCL         ; 1.000        ; -0.112     ; 1.754      ;
; -0.854 ; registro7:DIRECCION|lpm_shiftreg:LPM_SHIFTREG_component|dffs[6]                                ; I2C_maquina_estado:inst|fstate.R_W                                                             ; Clock_registro ; SCL         ; 1.000        ; -0.112     ; 1.720      ;
; -0.850 ; registro7:DIRECCION|lpm_shiftreg:LPM_SHIFTREG_component|dffs[3]                                ; I2C_maquina_estado:inst|fstate.R_W                                                             ; Clock_registro ; SCL         ; 1.000        ; -0.112     ; 1.716      ;
; -0.835 ; contador7:inst4|lpm_counter:LPM_COUNTER_component|cntr_tki:auto_generated|counter_reg_bit[1]   ; contador7:inst4|lpm_counter:LPM_COUNTER_component|cntr_tki:auto_generated|counter_reg_bit[2]   ; SCL            ; SCL         ; 1.000        ; -0.080     ; 1.753      ;
; -0.796 ; registro7:DIRECCION|lpm_shiftreg:LPM_SHIFTREG_component|dffs[2]                                ; I2C_maquina_estado:inst|fstate.R_W                                                             ; Clock_registro ; SCL         ; 1.000        ; -0.112     ; 1.662      ;
; -0.744 ; contador7:inst4|lpm_counter:LPM_COUNTER_component|cntr_tki:auto_generated|counter_reg_bit[0]   ; contador7:inst4|lpm_counter:LPM_COUNTER_component|cntr_tki:auto_generated|counter_reg_bit[2]   ; SCL            ; SCL         ; 1.000        ; -0.080     ; 1.662      ;
; -0.714 ; contador7:inst4|lpm_counter:LPM_COUNTER_component|cntr_tki:auto_generated|counter_reg_bit[0]   ; contador7:inst4|lpm_counter:LPM_COUNTER_component|cntr_tki:auto_generated|counter_reg_bit[1]   ; SCL            ; SCL         ; 1.000        ; -0.080     ; 1.632      ;
; -0.470 ; registro7:inst13|lpm_shiftreg:LPM_SHIFTREG_component|dffs[0]                                   ; registro7:inst13|lpm_shiftreg:LPM_SHIFTREG_component|dffs[1]                                   ; SCL            ; SCL         ; 1.000        ; -0.081     ; 1.387      ;
; -0.452 ; registro7:inst13|lpm_shiftreg:LPM_SHIFTREG_component|dffs[5]                                   ; registro7:inst13|lpm_shiftreg:LPM_SHIFTREG_component|dffs[6]                                   ; SCL            ; SCL         ; 1.000        ; -0.081     ; 1.369      ;
; -0.259 ; registro7:inst13|lpm_shiftreg:LPM_SHIFTREG_component|dffs[4]                                   ; registro7:inst13|lpm_shiftreg:LPM_SHIFTREG_component|dffs[5]                                   ; SCL            ; SCL         ; 1.000        ; -0.081     ; 1.176      ;
; -0.233 ; contador7:inst4|lpm_counter:LPM_COUNTER_component|cntr_tki:auto_generated|counter_reg_bit[2]   ; contador7:inst4|lpm_counter:LPM_COUNTER_component|cntr_tki:auto_generated|counter_reg_bit[2]   ; SCL            ; SCL         ; 1.000        ; -0.080     ; 1.151      ;
; -0.231 ; contador7:inst4|lpm_counter:LPM_COUNTER_component|cntr_tki:auto_generated|counter_reg_bit[0]   ; contador7:inst4|lpm_counter:LPM_COUNTER_component|cntr_tki:auto_generated|counter_reg_bit[0]   ; SCL            ; SCL         ; 1.000        ; -0.080     ; 1.149      ;
; -0.225 ; I2C_maquina_estado:inst|fstate.R_W                                                             ; I2C_maquina_estado:inst|fstate.AC                                                              ; SCL            ; SCL         ; 1.000        ; -0.082     ; 1.141      ;
; -0.213 ; contador7:inst4|lpm_counter:LPM_COUNTER_component|cntr_tki:auto_generated|counter_reg_bit[1]   ; contador7:inst4|lpm_counter:LPM_COUNTER_component|cntr_tki:auto_generated|counter_reg_bit[1]   ; SCL            ; SCL         ; 1.000        ; -0.080     ; 1.131      ;
; -0.210 ; registro7:inst13|lpm_shiftreg:LPM_SHIFTREG_component|dffs[3]                                   ; registro7:inst13|lpm_shiftreg:LPM_SHIFTREG_component|dffs[4]                                   ; SCL            ; SCL         ; 1.000        ; -0.081     ; 1.127      ;
; -0.203 ; registro7:inst13|lpm_shiftreg:LPM_SHIFTREG_component|dffs[1]                                   ; registro7:inst13|lpm_shiftreg:LPM_SHIFTREG_component|dffs[2]                                   ; SCL            ; SCL         ; 1.000        ; -0.081     ; 1.120      ;
; 0.062  ; I2C_maquina_estado:inst|fstate.AC                                                              ; I2C_maquina_estado:inst|fstate.guardar_dato                                                    ; SCL            ; SCL         ; 1.000        ; 0.835      ; 1.771      ;
; 0.093  ; registro7:inst13|lpm_shiftreg:LPM_SHIFTREG_component|dffs[2]                                   ; registro7:inst13|lpm_shiftreg:LPM_SHIFTREG_component|dffs[3]                                   ; SCL            ; SCL         ; 1.000        ; -0.081     ; 0.824      ;
; 0.104  ; registro8:inst14|lpm_shiftreg:LPM_SHIFTREG_component|dffs[1]                                   ; registro8:inst14|lpm_shiftreg:LPM_SHIFTREG_component|dffs[2]                                   ; SCL            ; SCL         ; 1.000        ; -0.080     ; 0.814      ;
; 0.105  ; registro8:inst14|lpm_shiftreg:LPM_SHIFTREG_component|dffs[3]                                   ; registro8:inst14|lpm_shiftreg:LPM_SHIFTREG_component|dffs[4]                                   ; SCL            ; SCL         ; 1.000        ; -0.080     ; 0.813      ;
; 0.105  ; registro8:inst14|lpm_shiftreg:LPM_SHIFTREG_component|dffs[5]                                   ; registro8:inst14|lpm_shiftreg:LPM_SHIFTREG_component|dffs[6]                                   ; SCL            ; SCL         ; 1.000        ; -0.080     ; 0.813      ;
; 0.106  ; registro8:inst14|lpm_shiftreg:LPM_SHIFTREG_component|dffs[0]                                   ; registro8:inst14|lpm_shiftreg:LPM_SHIFTREG_component|dffs[1]                                   ; SCL            ; SCL         ; 1.000        ; -0.080     ; 0.812      ;
; 0.106  ; registro8:inst14|lpm_shiftreg:LPM_SHIFTREG_component|dffs[2]                                   ; registro8:inst14|lpm_shiftreg:LPM_SHIFTREG_component|dffs[3]                                   ; SCL            ; SCL         ; 1.000        ; -0.080     ; 0.812      ;
; 0.106  ; registro8:inst14|lpm_shiftreg:LPM_SHIFTREG_component|dffs[4]                                   ; registro8:inst14|lpm_shiftreg:LPM_SHIFTREG_component|dffs[5]                                   ; SCL            ; SCL         ; 1.000        ; -0.080     ; 0.812      ;
; 0.106  ; registro8:inst14|lpm_shiftreg:LPM_SHIFTREG_component|dffs[6]                                   ; registro8:inst14|lpm_shiftreg:LPM_SHIFTREG_component|dffs[7]                                   ; SCL            ; SCL         ; 1.000        ; -0.080     ; 0.812      ;
; 0.221  ; I2C_maquina_estado:inst|fstate.Guardar_dir                                                     ; I2C_maquina_estado:inst|fstate.Guardar_dir                                                     ; SCL            ; SCL         ; 1.000        ; -0.043     ; 0.734      ;
; 0.221  ; I2C_maquina_estado:inst|fstate.guardar_dato                                                    ; I2C_maquina_estado:inst|fstate.guardar_dato                                                    ; SCL            ; SCL         ; 1.000        ; -0.043     ; 0.734      ;
; 0.245  ; I2C_maquina_estado:inst|fstate.Oscioso                                                         ; I2C_maquina_estado:inst|fstate.Guardar_dir                                                     ; SCL            ; SCL         ; 1.000        ; 0.762      ; 1.515      ;
+--------+------------------------------------------------------------------------------------------------+------------------------------------------------------------------------------------------------+----------------+-------------+--------------+------------+------------+


+-----------------------------------------------------------------------------------------------------------------------------------------------------------------------------------------------------------------------+
; Slow 1200mV 85C Model Setup: 'Clock_registro'                                                                                                                                                                         ;
+--------+-----------------------------------------------------------------+-----------------------------------------------------------------+----------------+----------------+--------------+------------+------------+
; Slack  ; From Node                                                       ; To Node                                                         ; Launch Clock   ; Latch Clock    ; Relationship ; Clock Skew ; Data Delay ;
+--------+-----------------------------------------------------------------+-----------------------------------------------------------------+----------------+----------------+--------------+------------+------------+
; -0.066 ; registro7:DIRECCION|lpm_shiftreg:LPM_SHIFTREG_component|dffs[5] ; registro7:DIRECCION|lpm_shiftreg:LPM_SHIFTREG_component|dffs[6] ; Clock_registro ; Clock_registro ; 1.000        ; -0.082     ; 0.982      ;
; 0.102  ; registro7:DIRECCION|lpm_shiftreg:LPM_SHIFTREG_component|dffs[0] ; registro7:DIRECCION|lpm_shiftreg:LPM_SHIFTREG_component|dffs[1] ; Clock_registro ; Clock_registro ; 1.000        ; -0.082     ; 0.814      ;
; 0.114  ; registro7:DIRECCION|lpm_shiftreg:LPM_SHIFTREG_component|dffs[2] ; registro7:DIRECCION|lpm_shiftreg:LPM_SHIFTREG_component|dffs[3] ; Clock_registro ; Clock_registro ; 1.000        ; -0.082     ; 0.802      ;
; 0.115  ; registro7:DIRECCION|lpm_shiftreg:LPM_SHIFTREG_component|dffs[1] ; registro7:DIRECCION|lpm_shiftreg:LPM_SHIFTREG_component|dffs[2] ; Clock_registro ; Clock_registro ; 1.000        ; -0.082     ; 0.801      ;
; 0.116  ; registro7:DIRECCION|lpm_shiftreg:LPM_SHIFTREG_component|dffs[3] ; registro7:DIRECCION|lpm_shiftreg:LPM_SHIFTREG_component|dffs[4] ; Clock_registro ; Clock_registro ; 1.000        ; -0.082     ; 0.800      ;
; 0.116  ; registro7:DIRECCION|lpm_shiftreg:LPM_SHIFTREG_component|dffs[4] ; registro7:DIRECCION|lpm_shiftreg:LPM_SHIFTREG_component|dffs[5] ; Clock_registro ; Clock_registro ; 1.000        ; -0.082     ; 0.800      ;
+--------+-----------------------------------------------------------------+-----------------------------------------------------------------+----------------+----------------+--------------+------------+------------+


+---------------------------------------------------------------------------------------------------------------------------------------------------------------------------------------------------------------------------------------------------------------------------------+
; Slow 1200mV 85C Model Hold: 'SCL'                                                                                                                                                                                                                                               ;
+-------+------------------------------------------------------------------------------------------------+------------------------------------------------------------------------------------------------+----------------+-------------+--------------+------------+------------+
; Slack ; From Node                                                                                      ; To Node                                                                                        ; Launch Clock   ; Latch Clock ; Relationship ; Clock Skew ; Data Delay ;
+-------+------------------------------------------------------------------------------------------------+------------------------------------------------------------------------------------------------+----------------+-------------+--------------+------------+------------+
; 0.159 ; I2C_maquina_estado:inst|fstate.Oscioso                                                         ; I2C_maquina_estado:inst|fstate.Guardar_dir                                                     ; SCL            ; SCL         ; 0.000        ; 1.027      ; 1.372      ;
; 0.299 ; I2C_maquina_estado:inst|fstate.AC                                                              ; I2C_maquina_estado:inst|fstate.guardar_dato                                                    ; SCL            ; SCL         ; 0.000        ; 1.103      ; 1.588      ;
; 0.440 ; I2C_maquina_estado:inst|fstate.Guardar_dir                                                     ; I2C_maquina_estado:inst|fstate.Guardar_dir                                                     ; SCL            ; SCL         ; 0.000        ; 0.043      ; 0.669      ;
; 0.440 ; I2C_maquina_estado:inst|fstate.guardar_dato                                                    ; I2C_maquina_estado:inst|fstate.guardar_dato                                                    ; SCL            ; SCL         ; 0.000        ; 0.043      ; 0.669      ;
; 0.451 ; registro8:inst14|lpm_shiftreg:LPM_SHIFTREG_component|dffs[0]                                   ; registro8:inst14|lpm_shiftreg:LPM_SHIFTREG_component|dffs[1]                                   ; SCL            ; SCL         ; 0.000        ; 0.080      ; 0.717      ;
; 0.451 ; registro8:inst14|lpm_shiftreg:LPM_SHIFTREG_component|dffs[2]                                   ; registro8:inst14|lpm_shiftreg:LPM_SHIFTREG_component|dffs[3]                                   ; SCL            ; SCL         ; 0.000        ; 0.080      ; 0.717      ;
; 0.451 ; registro8:inst14|lpm_shiftreg:LPM_SHIFTREG_component|dffs[6]                                   ; registro8:inst14|lpm_shiftreg:LPM_SHIFTREG_component|dffs[7]                                   ; SCL            ; SCL         ; 0.000        ; 0.080      ; 0.717      ;
; 0.452 ; registro8:inst14|lpm_shiftreg:LPM_SHIFTREG_component|dffs[4]                                   ; registro8:inst14|lpm_shiftreg:LPM_SHIFTREG_component|dffs[5]                                   ; SCL            ; SCL         ; 0.000        ; 0.080      ; 0.718      ;
; 0.452 ; registro8:inst14|lpm_shiftreg:LPM_SHIFTREG_component|dffs[5]                                   ; registro8:inst14|lpm_shiftreg:LPM_SHIFTREG_component|dffs[6]                                   ; SCL            ; SCL         ; 0.000        ; 0.080      ; 0.718      ;
; 0.453 ; registro8:inst14|lpm_shiftreg:LPM_SHIFTREG_component|dffs[1]                                   ; registro8:inst14|lpm_shiftreg:LPM_SHIFTREG_component|dffs[2]                                   ; SCL            ; SCL         ; 0.000        ; 0.080      ; 0.719      ;
; 0.453 ; registro8:inst14|lpm_shiftreg:LPM_SHIFTREG_component|dffs[3]                                   ; registro8:inst14|lpm_shiftreg:LPM_SHIFTREG_component|dffs[4]                                   ; SCL            ; SCL         ; 0.000        ; 0.080      ; 0.719      ;
; 0.458 ; registro7:inst13|lpm_shiftreg:LPM_SHIFTREG_component|dffs[2]                                   ; registro7:inst13|lpm_shiftreg:LPM_SHIFTREG_component|dffs[3]                                   ; SCL            ; SCL         ; 0.000        ; 0.081      ; 0.725      ;
; 0.635 ; I2C_maquina_estado:inst|fstate.R_W                                                             ; I2C_maquina_estado:inst|fstate.AC                                                              ; SCL            ; SCL         ; 0.000        ; 0.082      ; 0.903      ;
; 0.654 ; contador_8:inst12|lpm_counter:LPM_COUNTER_component|cntr_5vj:auto_generated|counter_reg_bit[3] ; contador_8:inst12|lpm_counter:LPM_COUNTER_component|cntr_5vj:auto_generated|counter_reg_bit[3] ; SCL            ; SCL         ; 0.000        ; 0.081      ; 0.921      ;
; 0.656 ; contador7:inst4|lpm_counter:LPM_COUNTER_component|cntr_tki:auto_generated|counter_reg_bit[1]   ; contador7:inst4|lpm_counter:LPM_COUNTER_component|cntr_tki:auto_generated|counter_reg_bit[1]   ; SCL            ; SCL         ; 0.000        ; 0.080      ; 0.922      ;
; 0.660 ; contador_8:inst12|lpm_counter:LPM_COUNTER_component|cntr_5vj:auto_generated|counter_reg_bit[2] ; contador_8:inst12|lpm_counter:LPM_COUNTER_component|cntr_5vj:auto_generated|counter_reg_bit[2] ; SCL            ; SCL         ; 0.000        ; 0.081      ; 0.927      ;
; 0.660 ; contador7:inst4|lpm_counter:LPM_COUNTER_component|cntr_tki:auto_generated|counter_reg_bit[2]   ; contador7:inst4|lpm_counter:LPM_COUNTER_component|cntr_tki:auto_generated|counter_reg_bit[2]   ; SCL            ; SCL         ; 0.000        ; 0.080      ; 0.926      ;
; 0.665 ; contador_8:inst12|lpm_counter:LPM_COUNTER_component|cntr_5vj:auto_generated|counter_reg_bit[1] ; contador_8:inst12|lpm_counter:LPM_COUNTER_component|cntr_5vj:auto_generated|counter_reg_bit[1] ; SCL            ; SCL         ; 0.000        ; 0.081      ; 0.932      ;
; 0.682 ; contador7:inst4|lpm_counter:LPM_COUNTER_component|cntr_tki:auto_generated|counter_reg_bit[0]   ; contador7:inst4|lpm_counter:LPM_COUNTER_component|cntr_tki:auto_generated|counter_reg_bit[0]   ; SCL            ; SCL         ; 0.000        ; 0.080      ; 0.948      ;
; 0.683 ; contador_8:inst12|lpm_counter:LPM_COUNTER_component|cntr_5vj:auto_generated|counter_reg_bit[0] ; contador_8:inst12|lpm_counter:LPM_COUNTER_component|cntr_5vj:auto_generated|counter_reg_bit[0] ; SCL            ; SCL         ; 0.000        ; 0.081      ; 0.950      ;
; 0.735 ; registro7:inst13|lpm_shiftreg:LPM_SHIFTREG_component|dffs[1]                                   ; registro7:inst13|lpm_shiftreg:LPM_SHIFTREG_component|dffs[2]                                   ; SCL            ; SCL         ; 0.000        ; 0.081      ; 1.002      ;
; 0.740 ; registro7:inst13|lpm_shiftreg:LPM_SHIFTREG_component|dffs[3]                                   ; registro7:inst13|lpm_shiftreg:LPM_SHIFTREG_component|dffs[4]                                   ; SCL            ; SCL         ; 0.000        ; 0.081      ; 1.007      ;
; 0.828 ; registro7:inst13|lpm_shiftreg:LPM_SHIFTREG_component|dffs[4]                                   ; registro7:inst13|lpm_shiftreg:LPM_SHIFTREG_component|dffs[5]                                   ; SCL            ; SCL         ; 0.000        ; 0.081      ; 1.095      ;
; 0.973 ; contador7:inst4|lpm_counter:LPM_COUNTER_component|cntr_tki:auto_generated|counter_reg_bit[1]   ; contador7:inst4|lpm_counter:LPM_COUNTER_component|cntr_tki:auto_generated|counter_reg_bit[2]   ; SCL            ; SCL         ; 0.000        ; 0.080      ; 1.239      ;
; 0.982 ; contador_8:inst12|lpm_counter:LPM_COUNTER_component|cntr_5vj:auto_generated|counter_reg_bit[1] ; contador_8:inst12|lpm_counter:LPM_COUNTER_component|cntr_5vj:auto_generated|counter_reg_bit[2] ; SCL            ; SCL         ; 0.000        ; 0.081      ; 1.249      ;
; 0.986 ; contador7:inst4|lpm_counter:LPM_COUNTER_component|cntr_tki:auto_generated|counter_reg_bit[0]   ; contador7:inst4|lpm_counter:LPM_COUNTER_component|cntr_tki:auto_generated|counter_reg_bit[1]   ; SCL            ; SCL         ; 0.000        ; 0.080      ; 1.252      ;
; 0.987 ; contador_8:inst12|lpm_counter:LPM_COUNTER_component|cntr_5vj:auto_generated|counter_reg_bit[2] ; contador_8:inst12|lpm_counter:LPM_COUNTER_component|cntr_5vj:auto_generated|counter_reg_bit[3] ; SCL            ; SCL         ; 0.000        ; 0.081      ; 1.254      ;
; 0.987 ; contador_8:inst12|lpm_counter:LPM_COUNTER_component|cntr_5vj:auto_generated|counter_reg_bit[0] ; contador_8:inst12|lpm_counter:LPM_COUNTER_component|cntr_5vj:auto_generated|counter_reg_bit[1] ; SCL            ; SCL         ; 0.000        ; 0.081      ; 1.254      ;
; 0.991 ; contador7:inst4|lpm_counter:LPM_COUNTER_component|cntr_tki:auto_generated|counter_reg_bit[0]   ; contador7:inst4|lpm_counter:LPM_COUNTER_component|cntr_tki:auto_generated|counter_reg_bit[2]   ; SCL            ; SCL         ; 0.000        ; 0.080      ; 1.257      ;
; 0.992 ; contador_8:inst12|lpm_counter:LPM_COUNTER_component|cntr_5vj:auto_generated|counter_reg_bit[0] ; contador_8:inst12|lpm_counter:LPM_COUNTER_component|cntr_5vj:auto_generated|counter_reg_bit[2] ; SCL            ; SCL         ; 0.000        ; 0.081      ; 1.259      ;
; 1.031 ; registro7:inst13|lpm_shiftreg:LPM_SHIFTREG_component|dffs[5]                                   ; registro7:inst13|lpm_shiftreg:LPM_SHIFTREG_component|dffs[6]                                   ; SCL            ; SCL         ; 0.000        ; 0.081      ; 1.298      ;
; 1.044 ; registro7:inst13|lpm_shiftreg:LPM_SHIFTREG_component|dffs[0]                                   ; registro7:inst13|lpm_shiftreg:LPM_SHIFTREG_component|dffs[1]                                   ; SCL            ; SCL         ; 0.000        ; 0.081      ; 1.311      ;
; 1.103 ; contador_8:inst12|lpm_counter:LPM_COUNTER_component|cntr_5vj:auto_generated|counter_reg_bit[1] ; contador_8:inst12|lpm_counter:LPM_COUNTER_component|cntr_5vj:auto_generated|counter_reg_bit[3] ; SCL            ; SCL         ; 0.000        ; 0.081      ; 1.370      ;
; 1.113 ; contador_8:inst12|lpm_counter:LPM_COUNTER_component|cntr_5vj:auto_generated|counter_reg_bit[0] ; contador_8:inst12|lpm_counter:LPM_COUNTER_component|cntr_5vj:auto_generated|counter_reg_bit[3] ; SCL            ; SCL         ; 0.000        ; 0.081      ; 1.380      ;
; 1.137 ; registro7:DIRECCION|lpm_shiftreg:LPM_SHIFTREG_component|dffs[2]                                ; I2C_maquina_estado:inst|fstate.R_W                                                             ; Clock_registro ; SCL         ; 0.000        ; 0.116      ; 1.479      ;
; 1.218 ; registro7:DIRECCION|lpm_shiftreg:LPM_SHIFTREG_component|dffs[6]                                ; I2C_maquina_estado:inst|fstate.R_W                                                             ; Clock_registro ; SCL         ; 0.000        ; 0.116      ; 1.560      ;
; 1.225 ; registro7:DIRECCION|lpm_shiftreg:LPM_SHIFTREG_component|dffs[3]                                ; I2C_maquina_estado:inst|fstate.R_W                                                             ; Clock_registro ; SCL         ; 0.000        ; 0.116      ; 1.567      ;
; 1.242 ; registro7:DIRECCION|lpm_shiftreg:LPM_SHIFTREG_component|dffs[4]                                ; I2C_maquina_estado:inst|fstate.R_W                                                             ; Clock_registro ; SCL         ; 0.000        ; 0.116      ; 1.584      ;
; 1.245 ; registro7:DIRECCION|lpm_shiftreg:LPM_SHIFTREG_component|dffs[3]                                ; I2C_maquina_estado:inst|fstate.Oscioso                                                         ; Clock_registro ; SCL         ; 0.000        ; 0.116      ; 1.587      ;
; 1.332 ; registro7:DIRECCION|lpm_shiftreg:LPM_SHIFTREG_component|dffs[1]                                ; I2C_maquina_estado:inst|fstate.R_W                                                             ; Clock_registro ; SCL         ; 0.000        ; 0.116      ; 1.674      ;
; 1.375 ; registro7:DIRECCION|lpm_shiftreg:LPM_SHIFTREG_component|dffs[5]                                ; I2C_maquina_estado:inst|fstate.R_W                                                             ; Clock_registro ; SCL         ; 0.000        ; 0.116      ; 1.717      ;
; 1.384 ; registro7:DIRECCION|lpm_shiftreg:LPM_SHIFTREG_component|dffs[1]                                ; I2C_maquina_estado:inst|fstate.Oscioso                                                         ; Clock_registro ; SCL         ; 0.000        ; 0.116      ; 1.726      ;
; 1.513 ; registro7:DIRECCION|lpm_shiftreg:LPM_SHIFTREG_component|dffs[6]                                ; I2C_maquina_estado:inst|fstate.Oscioso                                                         ; Clock_registro ; SCL         ; 0.000        ; 0.116      ; 1.855      ;
; 1.531 ; registro7:DIRECCION|lpm_shiftreg:LPM_SHIFTREG_component|dffs[0]                                ; I2C_maquina_estado:inst|fstate.R_W                                                             ; Clock_registro ; SCL         ; 0.000        ; 0.116      ; 1.873      ;
; 1.540 ; registro7:DIRECCION|lpm_shiftreg:LPM_SHIFTREG_component|dffs[2]                                ; I2C_maquina_estado:inst|fstate.Oscioso                                                         ; Clock_registro ; SCL         ; 0.000        ; 0.116      ; 1.882      ;
; 1.541 ; registro7:DIRECCION|lpm_shiftreg:LPM_SHIFTREG_component|dffs[4]                                ; I2C_maquina_estado:inst|fstate.Oscioso                                                         ; Clock_registro ; SCL         ; 0.000        ; 0.116      ; 1.883      ;
; 1.550 ; registro7:DIRECCION|lpm_shiftreg:LPM_SHIFTREG_component|dffs[0]                                ; I2C_maquina_estado:inst|fstate.Oscioso                                                         ; Clock_registro ; SCL         ; 0.000        ; 0.116      ; 1.892      ;
; 1.744 ; registro7:DIRECCION|lpm_shiftreg:LPM_SHIFTREG_component|dffs[5]                                ; I2C_maquina_estado:inst|fstate.Oscioso                                                         ; Clock_registro ; SCL         ; 0.000        ; 0.116      ; 2.086      ;
; 2.010 ; contador_8:inst12|lpm_counter:LPM_COUNTER_component|cntr_5vj:auto_generated|counter_reg_bit[3] ; contador_8:inst12|lpm_counter:LPM_COUNTER_component|cntr_5vj:auto_generated|counter_reg_bit[0] ; SCL            ; SCL         ; 0.000        ; 0.081      ; 2.277      ;
; 2.010 ; contador_8:inst12|lpm_counter:LPM_COUNTER_component|cntr_5vj:auto_generated|counter_reg_bit[3] ; contador_8:inst12|lpm_counter:LPM_COUNTER_component|cntr_5vj:auto_generated|counter_reg_bit[1] ; SCL            ; SCL         ; 0.000        ; 0.081      ; 2.277      ;
; 2.010 ; contador_8:inst12|lpm_counter:LPM_COUNTER_component|cntr_5vj:auto_generated|counter_reg_bit[3] ; contador_8:inst12|lpm_counter:LPM_COUNTER_component|cntr_5vj:auto_generated|counter_reg_bit[2] ; SCL            ; SCL         ; 0.000        ; 0.081      ; 2.277      ;
; 2.134 ; contador_8:inst12|lpm_counter:LPM_COUNTER_component|cntr_5vj:auto_generated|counter_reg_bit[2] ; contador_8:inst12|lpm_counter:LPM_COUNTER_component|cntr_5vj:auto_generated|counter_reg_bit[0] ; SCL            ; SCL         ; 0.000        ; 0.081      ; 2.401      ;
; 2.134 ; contador_8:inst12|lpm_counter:LPM_COUNTER_component|cntr_5vj:auto_generated|counter_reg_bit[2] ; contador_8:inst12|lpm_counter:LPM_COUNTER_component|cntr_5vj:auto_generated|counter_reg_bit[1] ; SCL            ; SCL         ; 0.000        ; 0.081      ; 2.401      ;
; 2.156 ; contador_8:inst12|lpm_counter:LPM_COUNTER_component|cntr_5vj:auto_generated|counter_reg_bit[1] ; contador_8:inst12|lpm_counter:LPM_COUNTER_component|cntr_5vj:auto_generated|counter_reg_bit[0] ; SCL            ; SCL         ; 0.000        ; 0.081      ; 2.423      ;
; 2.196 ; I2C_maquina_estado:inst|fstate.guardar_dato                                                    ; I2C_maquina_estado:inst|fstate.Oscioso                                                         ; SCL            ; SCL         ; 0.000        ; -0.835     ; 1.547      ;
; 2.353 ; I2C_maquina_estado:inst|fstate.Oscioso                                                         ; I2C_maquina_estado:inst|fstate.Oscioso                                                         ; SCL            ; SCL         ; 0.000        ; 0.082      ; 2.621      ;
; 2.454 ; I2C_maquina_estado:inst|fstate.Guardar_dir                                                     ; I2C_maquina_estado:inst|fstate.R_W                                                             ; SCL            ; SCL         ; 0.000        ; -0.762     ; 1.878      ;
; 2.459 ; I2C_maquina_estado:inst|fstate.Guardar_dir                                                     ; I2C_maquina_estado:inst|fstate.Oscioso                                                         ; SCL            ; SCL         ; 0.000        ; -0.762     ; 1.883      ;
; 3.942 ; contador_8:inst12|lpm_counter:LPM_COUNTER_component|cntr_5vj:auto_generated|counter_reg_bit[3] ; I2C_maquina_estado:inst|fstate.guardar_dato                                                    ; SCL            ; SCL         ; 0.000        ; -2.299     ; 1.829      ;
; 3.962 ; contador_8:inst12|lpm_counter:LPM_COUNTER_component|cntr_5vj:auto_generated|counter_reg_bit[2] ; I2C_maquina_estado:inst|fstate.guardar_dato                                                    ; SCL            ; SCL         ; 0.000        ; -2.299     ; 1.849      ;
; 4.078 ; contador_8:inst12|lpm_counter:LPM_COUNTER_component|cntr_5vj:auto_generated|counter_reg_bit[1] ; I2C_maquina_estado:inst|fstate.guardar_dato                                                    ; SCL            ; SCL         ; 0.000        ; -2.299     ; 1.965      ;
; 4.088 ; contador_8:inst12|lpm_counter:LPM_COUNTER_component|cntr_5vj:auto_generated|counter_reg_bit[0] ; I2C_maquina_estado:inst|fstate.guardar_dato                                                    ; SCL            ; SCL         ; 0.000        ; -2.299     ; 1.975      ;
; 4.295 ; contador7:inst4|lpm_counter:LPM_COUNTER_component|cntr_tki:auto_generated|counter_reg_bit[2]   ; I2C_maquina_estado:inst|fstate.Guardar_dir                                                     ; SCL            ; SCL         ; 0.000        ; -2.357     ; 2.124      ;
; 4.402 ; contador7:inst4|lpm_counter:LPM_COUNTER_component|cntr_tki:auto_generated|counter_reg_bit[1]   ; I2C_maquina_estado:inst|fstate.Guardar_dir                                                     ; SCL            ; SCL         ; 0.000        ; -2.357     ; 2.231      ;
; 4.420 ; contador7:inst4|lpm_counter:LPM_COUNTER_component|cntr_tki:auto_generated|counter_reg_bit[0]   ; I2C_maquina_estado:inst|fstate.Guardar_dir                                                     ; SCL            ; SCL         ; 0.000        ; -2.357     ; 2.249      ;
; 4.549 ; registro7:inst13|lpm_shiftreg:LPM_SHIFTREG_component|dffs[5]                                   ; I2C_maquina_estado:inst|fstate.R_W                                                             ; SCL            ; SCL         ; 0.000        ; -3.281     ; 1.454      ;
; 4.842 ; registro7:inst13|lpm_shiftreg:LPM_SHIFTREG_component|dffs[2]                                   ; I2C_maquina_estado:inst|fstate.R_W                                                             ; SCL            ; SCL         ; 0.000        ; -3.281     ; 1.747      ;
; 4.938 ; registro7:inst13|lpm_shiftreg:LPM_SHIFTREG_component|dffs[4]                                   ; I2C_maquina_estado:inst|fstate.R_W                                                             ; SCL            ; SCL         ; 0.000        ; -3.281     ; 1.843      ;
; 4.948 ; registro7:inst13|lpm_shiftreg:LPM_SHIFTREG_component|dffs[5]                                   ; I2C_maquina_estado:inst|fstate.Oscioso                                                         ; SCL            ; SCL         ; 0.000        ; -3.281     ; 1.853      ;
; 5.086 ; registro7:inst13|lpm_shiftreg:LPM_SHIFTREG_component|dffs[3]                                   ; I2C_maquina_estado:inst|fstate.R_W                                                             ; SCL            ; SCL         ; 0.000        ; -3.281     ; 1.991      ;
; 5.104 ; registro7:inst13|lpm_shiftreg:LPM_SHIFTREG_component|dffs[6]                                   ; I2C_maquina_estado:inst|fstate.R_W                                                             ; SCL            ; SCL         ; 0.000        ; -3.281     ; 2.009      ;
; 5.105 ; registro7:inst13|lpm_shiftreg:LPM_SHIFTREG_component|dffs[3]                                   ; I2C_maquina_estado:inst|fstate.Oscioso                                                         ; SCL            ; SCL         ; 0.000        ; -3.281     ; 2.010      ;
; 5.179 ; contador7:inst4|lpm_counter:LPM_COUNTER_component|cntr_tki:auto_generated|counter_reg_bit[2]   ; I2C_maquina_estado:inst|fstate.Oscioso                                                         ; SCL            ; SCL         ; 0.000        ; -3.270     ; 2.095      ;
; 5.188 ; registro7:inst13|lpm_shiftreg:LPM_SHIFTREG_component|dffs[1]                                   ; I2C_maquina_estado:inst|fstate.R_W                                                             ; SCL            ; SCL         ; 0.000        ; -3.281     ; 2.093      ;
; 5.244 ; registro7:inst13|lpm_shiftreg:LPM_SHIFTREG_component|dffs[4]                                   ; I2C_maquina_estado:inst|fstate.Oscioso                                                         ; SCL            ; SCL         ; 0.000        ; -3.281     ; 2.149      ;
; 5.250 ; registro7:inst13|lpm_shiftreg:LPM_SHIFTREG_component|dffs[1]                                   ; I2C_maquina_estado:inst|fstate.Oscioso                                                         ; SCL            ; SCL         ; 0.000        ; -3.281     ; 2.155      ;
; 5.252 ; registro7:inst13|lpm_shiftreg:LPM_SHIFTREG_component|dffs[2]                                   ; I2C_maquina_estado:inst|fstate.Oscioso                                                         ; SCL            ; SCL         ; 0.000        ; -3.281     ; 2.157      ;
; 5.286 ; contador7:inst4|lpm_counter:LPM_COUNTER_component|cntr_tki:auto_generated|counter_reg_bit[1]   ; I2C_maquina_estado:inst|fstate.Oscioso                                                         ; SCL            ; SCL         ; 0.000        ; -3.270     ; 2.202      ;
; 5.304 ; contador7:inst4|lpm_counter:LPM_COUNTER_component|cntr_tki:auto_generated|counter_reg_bit[0]   ; I2C_maquina_estado:inst|fstate.Oscioso                                                         ; SCL            ; SCL         ; 0.000        ; -3.270     ; 2.220      ;
; 5.321 ; contador_8:inst12|lpm_counter:LPM_COUNTER_component|cntr_5vj:auto_generated|counter_reg_bit[3] ; I2C_maquina_estado:inst|fstate.Oscioso                                                         ; SCL            ; SCL         ; 0.000        ; -3.288     ; 2.219      ;
; 5.344 ; registro7:inst13|lpm_shiftreg:LPM_SHIFTREG_component|dffs[6]                                   ; I2C_maquina_estado:inst|fstate.Oscioso                                                         ; SCL            ; SCL         ; 0.000        ; -3.281     ; 2.249      ;
; 5.398 ; contador7:inst4|lpm_counter:LPM_COUNTER_component|cntr_tki:auto_generated|counter_reg_bit[2]   ; I2C_maquina_estado:inst|fstate.R_W                                                             ; SCL            ; SCL         ; 0.000        ; -3.270     ; 2.314      ;
; 5.419 ; contador_8:inst12|lpm_counter:LPM_COUNTER_component|cntr_5vj:auto_generated|counter_reg_bit[2] ; I2C_maquina_estado:inst|fstate.Oscioso                                                         ; SCL            ; SCL         ; 0.000        ; -3.288     ; 2.317      ;
; 5.445 ; contador_8:inst12|lpm_counter:LPM_COUNTER_component|cntr_5vj:auto_generated|counter_reg_bit[1] ; I2C_maquina_estado:inst|fstate.Oscioso                                                         ; SCL            ; SCL         ; 0.000        ; -3.288     ; 2.343      ;
; 5.477 ; contador_8:inst12|lpm_counter:LPM_COUNTER_component|cntr_5vj:auto_generated|counter_reg_bit[0] ; I2C_maquina_estado:inst|fstate.Oscioso                                                         ; SCL            ; SCL         ; 0.000        ; -3.288     ; 2.375      ;
; 5.494 ; registro7:inst13|lpm_shiftreg:LPM_SHIFTREG_component|dffs[0]                                   ; I2C_maquina_estado:inst|fstate.R_W                                                             ; SCL            ; SCL         ; 0.000        ; -3.281     ; 2.399      ;
; 5.505 ; contador7:inst4|lpm_counter:LPM_COUNTER_component|cntr_tki:auto_generated|counter_reg_bit[1]   ; I2C_maquina_estado:inst|fstate.R_W                                                             ; SCL            ; SCL         ; 0.000        ; -3.270     ; 2.421      ;
; 5.523 ; contador7:inst4|lpm_counter:LPM_COUNTER_component|cntr_tki:auto_generated|counter_reg_bit[0]   ; I2C_maquina_estado:inst|fstate.R_W                                                             ; SCL            ; SCL         ; 0.000        ; -3.270     ; 2.439      ;
; 5.529 ; registro7:inst13|lpm_shiftreg:LPM_SHIFTREG_component|dffs[0]                                   ; I2C_maquina_estado:inst|fstate.Oscioso                                                         ; SCL            ; SCL         ; 0.000        ; -3.281     ; 2.434      ;
+-------+------------------------------------------------------------------------------------------------+------------------------------------------------------------------------------------------------+----------------+-------------+--------------+------------+------------+


+----------------------------------------------------------------------------------------------------------------------------------------------------------------------------------------------------------------------+
; Slow 1200mV 85C Model Hold: 'Clock_registro'                                                                                                                                                                         ;
+-------+-----------------------------------------------------------------+-----------------------------------------------------------------+----------------+----------------+--------------+------------+------------+
; Slack ; From Node                                                       ; To Node                                                         ; Launch Clock   ; Latch Clock    ; Relationship ; Clock Skew ; Data Delay ;
+-------+-----------------------------------------------------------------+-----------------------------------------------------------------+----------------+----------------+--------------+------------+------------+
; 0.435 ; registro7:DIRECCION|lpm_shiftreg:LPM_SHIFTREG_component|dffs[1] ; registro7:DIRECCION|lpm_shiftreg:LPM_SHIFTREG_component|dffs[2] ; Clock_registro ; Clock_registro ; 0.000        ; 0.082      ; 0.703      ;
; 0.435 ; registro7:DIRECCION|lpm_shiftreg:LPM_SHIFTREG_component|dffs[3] ; registro7:DIRECCION|lpm_shiftreg:LPM_SHIFTREG_component|dffs[4] ; Clock_registro ; Clock_registro ; 0.000        ; 0.082      ; 0.703      ;
; 0.435 ; registro7:DIRECCION|lpm_shiftreg:LPM_SHIFTREG_component|dffs[4] ; registro7:DIRECCION|lpm_shiftreg:LPM_SHIFTREG_component|dffs[5] ; Clock_registro ; Clock_registro ; 0.000        ; 0.082      ; 0.703      ;
; 0.436 ; registro7:DIRECCION|lpm_shiftreg:LPM_SHIFTREG_component|dffs[2] ; registro7:DIRECCION|lpm_shiftreg:LPM_SHIFTREG_component|dffs[3] ; Clock_registro ; Clock_registro ; 0.000        ; 0.082      ; 0.704      ;
; 0.451 ; registro7:DIRECCION|lpm_shiftreg:LPM_SHIFTREG_component|dffs[0] ; registro7:DIRECCION|lpm_shiftreg:LPM_SHIFTREG_component|dffs[1] ; Clock_registro ; Clock_registro ; 0.000        ; 0.082      ; 0.719      ;
; 0.608 ; registro7:DIRECCION|lpm_shiftreg:LPM_SHIFTREG_component|dffs[5] ; registro7:DIRECCION|lpm_shiftreg:LPM_SHIFTREG_component|dffs[6] ; Clock_registro ; Clock_registro ; 0.000        ; 0.082      ; 0.876      ;
+-------+-----------------------------------------------------------------+-----------------------------------------------------------------+----------------+----------------+--------------+------------+------------+


+---------------------------------------------------------------------------------------------------------------------------------------------------------------------------------+
; Slow 1200mV 85C Model Minimum Pulse Width: 'SCL'                                                                                                                                ;
+--------+--------------+----------------+------------------+-------+------------+------------------------------------------------------------------------------------------------+
; Slack  ; Actual Width ; Required Width ; Type             ; Clock ; Clock Edge ; Target                                                                                         ;
+--------+--------------+----------------+------------------+-------+------------+------------------------------------------------------------------------------------------------+
; -3.000 ; 1.000        ; 4.000          ; Port Rate        ; SCL   ; Rise       ; SCL                                                                                            ;
; -1.285 ; 1.000        ; 2.285          ; Min Period       ; SCL   ; Rise       ; I2C_maquina_estado:inst|fstate.AC                                                              ;
; -1.285 ; 1.000        ; 2.285          ; Min Period       ; SCL   ; Rise       ; I2C_maquina_estado:inst|fstate.Guardar_dir                                                     ;
; -1.285 ; 1.000        ; 2.285          ; Min Period       ; SCL   ; Rise       ; I2C_maquina_estado:inst|fstate.Oscioso                                                         ;
; -1.285 ; 1.000        ; 2.285          ; Min Period       ; SCL   ; Rise       ; I2C_maquina_estado:inst|fstate.R_W                                                             ;
; -1.285 ; 1.000        ; 2.285          ; Min Period       ; SCL   ; Rise       ; I2C_maquina_estado:inst|fstate.guardar_dato                                                    ;
; -1.285 ; 1.000        ; 2.285          ; Min Period       ; SCL   ; Rise       ; contador7:inst4|lpm_counter:LPM_COUNTER_component|cntr_tki:auto_generated|counter_reg_bit[0]   ;
; -1.285 ; 1.000        ; 2.285          ; Min Period       ; SCL   ; Rise       ; contador7:inst4|lpm_counter:LPM_COUNTER_component|cntr_tki:auto_generated|counter_reg_bit[1]   ;
; -1.285 ; 1.000        ; 2.285          ; Min Period       ; SCL   ; Rise       ; contador7:inst4|lpm_counter:LPM_COUNTER_component|cntr_tki:auto_generated|counter_reg_bit[2]   ;
; -1.285 ; 1.000        ; 2.285          ; Min Period       ; SCL   ; Rise       ; contador_8:inst12|lpm_counter:LPM_COUNTER_component|cntr_5vj:auto_generated|counter_reg_bit[0] ;
; -1.285 ; 1.000        ; 2.285          ; Min Period       ; SCL   ; Rise       ; contador_8:inst12|lpm_counter:LPM_COUNTER_component|cntr_5vj:auto_generated|counter_reg_bit[1] ;
; -1.285 ; 1.000        ; 2.285          ; Min Period       ; SCL   ; Rise       ; contador_8:inst12|lpm_counter:LPM_COUNTER_component|cntr_5vj:auto_generated|counter_reg_bit[2] ;
; -1.285 ; 1.000        ; 2.285          ; Min Period       ; SCL   ; Rise       ; contador_8:inst12|lpm_counter:LPM_COUNTER_component|cntr_5vj:auto_generated|counter_reg_bit[3] ;
; -1.285 ; 1.000        ; 2.285          ; Min Period       ; SCL   ; Rise       ; registro7:inst13|lpm_shiftreg:LPM_SHIFTREG_component|dffs[0]                                   ;
; -1.285 ; 1.000        ; 2.285          ; Min Period       ; SCL   ; Rise       ; registro7:inst13|lpm_shiftreg:LPM_SHIFTREG_component|dffs[1]                                   ;
; -1.285 ; 1.000        ; 2.285          ; Min Period       ; SCL   ; Rise       ; registro7:inst13|lpm_shiftreg:LPM_SHIFTREG_component|dffs[2]                                   ;
; -1.285 ; 1.000        ; 2.285          ; Min Period       ; SCL   ; Rise       ; registro7:inst13|lpm_shiftreg:LPM_SHIFTREG_component|dffs[3]                                   ;
; -1.285 ; 1.000        ; 2.285          ; Min Period       ; SCL   ; Rise       ; registro7:inst13|lpm_shiftreg:LPM_SHIFTREG_component|dffs[4]                                   ;
; -1.285 ; 1.000        ; 2.285          ; Min Period       ; SCL   ; Rise       ; registro7:inst13|lpm_shiftreg:LPM_SHIFTREG_component|dffs[5]                                   ;
; -1.285 ; 1.000        ; 2.285          ; Min Period       ; SCL   ; Rise       ; registro7:inst13|lpm_shiftreg:LPM_SHIFTREG_component|dffs[6]                                   ;
; -1.285 ; 1.000        ; 2.285          ; Min Period       ; SCL   ; Rise       ; registro8:inst14|lpm_shiftreg:LPM_SHIFTREG_component|dffs[0]                                   ;
; -1.285 ; 1.000        ; 2.285          ; Min Period       ; SCL   ; Rise       ; registro8:inst14|lpm_shiftreg:LPM_SHIFTREG_component|dffs[1]                                   ;
; -1.285 ; 1.000        ; 2.285          ; Min Period       ; SCL   ; Rise       ; registro8:inst14|lpm_shiftreg:LPM_SHIFTREG_component|dffs[2]                                   ;
; -1.285 ; 1.000        ; 2.285          ; Min Period       ; SCL   ; Rise       ; registro8:inst14|lpm_shiftreg:LPM_SHIFTREG_component|dffs[3]                                   ;
; -1.285 ; 1.000        ; 2.285          ; Min Period       ; SCL   ; Rise       ; registro8:inst14|lpm_shiftreg:LPM_SHIFTREG_component|dffs[4]                                   ;
; -1.285 ; 1.000        ; 2.285          ; Min Period       ; SCL   ; Rise       ; registro8:inst14|lpm_shiftreg:LPM_SHIFTREG_component|dffs[5]                                   ;
; -1.285 ; 1.000        ; 2.285          ; Min Period       ; SCL   ; Rise       ; registro8:inst14|lpm_shiftreg:LPM_SHIFTREG_component|dffs[6]                                   ;
; -1.285 ; 1.000        ; 2.285          ; Min Period       ; SCL   ; Rise       ; registro8:inst14|lpm_shiftreg:LPM_SHIFTREG_component|dffs[7]                                   ;
; 0.201  ; 0.421        ; 0.220          ; High Pulse Width ; SCL   ; Rise       ; registro8:inst14|lpm_shiftreg:LPM_SHIFTREG_component|dffs[0]                                   ;
; 0.201  ; 0.421        ; 0.220          ; High Pulse Width ; SCL   ; Rise       ; registro8:inst14|lpm_shiftreg:LPM_SHIFTREG_component|dffs[1]                                   ;
; 0.201  ; 0.421        ; 0.220          ; High Pulse Width ; SCL   ; Rise       ; registro8:inst14|lpm_shiftreg:LPM_SHIFTREG_component|dffs[2]                                   ;
; 0.201  ; 0.421        ; 0.220          ; High Pulse Width ; SCL   ; Rise       ; registro8:inst14|lpm_shiftreg:LPM_SHIFTREG_component|dffs[3]                                   ;
; 0.201  ; 0.421        ; 0.220          ; High Pulse Width ; SCL   ; Rise       ; registro8:inst14|lpm_shiftreg:LPM_SHIFTREG_component|dffs[4]                                   ;
; 0.201  ; 0.421        ; 0.220          ; High Pulse Width ; SCL   ; Rise       ; registro8:inst14|lpm_shiftreg:LPM_SHIFTREG_component|dffs[5]                                   ;
; 0.201  ; 0.421        ; 0.220          ; High Pulse Width ; SCL   ; Rise       ; registro8:inst14|lpm_shiftreg:LPM_SHIFTREG_component|dffs[6]                                   ;
; 0.201  ; 0.421        ; 0.220          ; High Pulse Width ; SCL   ; Rise       ; registro8:inst14|lpm_shiftreg:LPM_SHIFTREG_component|dffs[7]                                   ;
; 0.202  ; 0.422        ; 0.220          ; High Pulse Width ; SCL   ; Rise       ; contador_8:inst12|lpm_counter:LPM_COUNTER_component|cntr_5vj:auto_generated|counter_reg_bit[0] ;
; 0.202  ; 0.422        ; 0.220          ; High Pulse Width ; SCL   ; Rise       ; contador_8:inst12|lpm_counter:LPM_COUNTER_component|cntr_5vj:auto_generated|counter_reg_bit[1] ;
; 0.202  ; 0.422        ; 0.220          ; High Pulse Width ; SCL   ; Rise       ; contador_8:inst12|lpm_counter:LPM_COUNTER_component|cntr_5vj:auto_generated|counter_reg_bit[2] ;
; 0.202  ; 0.422        ; 0.220          ; High Pulse Width ; SCL   ; Rise       ; contador_8:inst12|lpm_counter:LPM_COUNTER_component|cntr_5vj:auto_generated|counter_reg_bit[3] ;
; 0.239  ; 0.459        ; 0.220          ; High Pulse Width ; SCL   ; Rise       ; I2C_maquina_estado:inst|fstate.guardar_dato                                                    ;
; 0.245  ; 0.465        ; 0.220          ; High Pulse Width ; SCL   ; Rise       ; registro7:inst13|lpm_shiftreg:LPM_SHIFTREG_component|dffs[0]                                   ;
; 0.245  ; 0.465        ; 0.220          ; High Pulse Width ; SCL   ; Rise       ; registro7:inst13|lpm_shiftreg:LPM_SHIFTREG_component|dffs[1]                                   ;
; 0.245  ; 0.465        ; 0.220          ; High Pulse Width ; SCL   ; Rise       ; registro7:inst13|lpm_shiftreg:LPM_SHIFTREG_component|dffs[2]                                   ;
; 0.245  ; 0.465        ; 0.220          ; High Pulse Width ; SCL   ; Rise       ; registro7:inst13|lpm_shiftreg:LPM_SHIFTREG_component|dffs[3]                                   ;
; 0.245  ; 0.465        ; 0.220          ; High Pulse Width ; SCL   ; Rise       ; registro7:inst13|lpm_shiftreg:LPM_SHIFTREG_component|dffs[4]                                   ;
; 0.245  ; 0.465        ; 0.220          ; High Pulse Width ; SCL   ; Rise       ; registro7:inst13|lpm_shiftreg:LPM_SHIFTREG_component|dffs[5]                                   ;
; 0.245  ; 0.465        ; 0.220          ; High Pulse Width ; SCL   ; Rise       ; registro7:inst13|lpm_shiftreg:LPM_SHIFTREG_component|dffs[6]                                   ;
; 0.246  ; 0.466        ; 0.220          ; High Pulse Width ; SCL   ; Rise       ; contador7:inst4|lpm_counter:LPM_COUNTER_component|cntr_tki:auto_generated|counter_reg_bit[0]   ;
; 0.246  ; 0.466        ; 0.220          ; High Pulse Width ; SCL   ; Rise       ; contador7:inst4|lpm_counter:LPM_COUNTER_component|cntr_tki:auto_generated|counter_reg_bit[1]   ;
; 0.246  ; 0.466        ; 0.220          ; High Pulse Width ; SCL   ; Rise       ; contador7:inst4|lpm_counter:LPM_COUNTER_component|cntr_tki:auto_generated|counter_reg_bit[2]   ;
; 0.260  ; 0.448        ; 0.188          ; Low Pulse Width  ; SCL   ; Rise       ; I2C_maquina_estado:inst|fstate.AC                                                              ;
; 0.260  ; 0.448        ; 0.188          ; Low Pulse Width  ; SCL   ; Rise       ; I2C_maquina_estado:inst|fstate.Oscioso                                                         ;
; 0.260  ; 0.448        ; 0.188          ; Low Pulse Width  ; SCL   ; Rise       ; I2C_maquina_estado:inst|fstate.R_W                                                             ;
; 0.262  ; 0.482        ; 0.220          ; High Pulse Width ; SCL   ; Rise       ; I2C_maquina_estado:inst|fstate.Guardar_dir                                                     ;
; 0.327  ; 0.515        ; 0.188          ; Low Pulse Width  ; SCL   ; Rise       ; I2C_maquina_estado:inst|fstate.Guardar_dir                                                     ;
; 0.331  ; 0.551        ; 0.220          ; High Pulse Width ; SCL   ; Rise       ; I2C_maquina_estado:inst|fstate.AC                                                              ;
; 0.331  ; 0.551        ; 0.220          ; High Pulse Width ; SCL   ; Rise       ; I2C_maquina_estado:inst|fstate.Oscioso                                                         ;
; 0.331  ; 0.551        ; 0.220          ; High Pulse Width ; SCL   ; Rise       ; I2C_maquina_estado:inst|fstate.R_W                                                             ;
; 0.344  ; 0.532        ; 0.188          ; Low Pulse Width  ; SCL   ; Rise       ; contador7:inst4|lpm_counter:LPM_COUNTER_component|cntr_tki:auto_generated|counter_reg_bit[0]   ;
; 0.344  ; 0.532        ; 0.188          ; Low Pulse Width  ; SCL   ; Rise       ; contador7:inst4|lpm_counter:LPM_COUNTER_component|cntr_tki:auto_generated|counter_reg_bit[1]   ;
; 0.344  ; 0.532        ; 0.188          ; Low Pulse Width  ; SCL   ; Rise       ; contador7:inst4|lpm_counter:LPM_COUNTER_component|cntr_tki:auto_generated|counter_reg_bit[2]   ;
; 0.344  ; 0.532        ; 0.188          ; Low Pulse Width  ; SCL   ; Rise       ; registro7:inst13|lpm_shiftreg:LPM_SHIFTREG_component|dffs[0]                                   ;
; 0.344  ; 0.532        ; 0.188          ; Low Pulse Width  ; SCL   ; Rise       ; registro7:inst13|lpm_shiftreg:LPM_SHIFTREG_component|dffs[1]                                   ;
; 0.344  ; 0.532        ; 0.188          ; Low Pulse Width  ; SCL   ; Rise       ; registro7:inst13|lpm_shiftreg:LPM_SHIFTREG_component|dffs[2]                                   ;
; 0.344  ; 0.532        ; 0.188          ; Low Pulse Width  ; SCL   ; Rise       ; registro7:inst13|lpm_shiftreg:LPM_SHIFTREG_component|dffs[3]                                   ;
; 0.344  ; 0.532        ; 0.188          ; Low Pulse Width  ; SCL   ; Rise       ; registro7:inst13|lpm_shiftreg:LPM_SHIFTREG_component|dffs[4]                                   ;
; 0.344  ; 0.532        ; 0.188          ; Low Pulse Width  ; SCL   ; Rise       ; registro7:inst13|lpm_shiftreg:LPM_SHIFTREG_component|dffs[5]                                   ;
; 0.344  ; 0.532        ; 0.188          ; Low Pulse Width  ; SCL   ; Rise       ; registro7:inst13|lpm_shiftreg:LPM_SHIFTREG_component|dffs[6]                                   ;
; 0.349  ; 0.537        ; 0.188          ; Low Pulse Width  ; SCL   ; Rise       ; I2C_maquina_estado:inst|fstate.guardar_dato                                                    ;
; 0.384  ; 0.572        ; 0.188          ; Low Pulse Width  ; SCL   ; Rise       ; contador_8:inst12|lpm_counter:LPM_COUNTER_component|cntr_5vj:auto_generated|counter_reg_bit[0] ;
; 0.384  ; 0.572        ; 0.188          ; Low Pulse Width  ; SCL   ; Rise       ; contador_8:inst12|lpm_counter:LPM_COUNTER_component|cntr_5vj:auto_generated|counter_reg_bit[1] ;
; 0.384  ; 0.572        ; 0.188          ; Low Pulse Width  ; SCL   ; Rise       ; contador_8:inst12|lpm_counter:LPM_COUNTER_component|cntr_5vj:auto_generated|counter_reg_bit[2] ;
; 0.384  ; 0.572        ; 0.188          ; Low Pulse Width  ; SCL   ; Rise       ; contador_8:inst12|lpm_counter:LPM_COUNTER_component|cntr_5vj:auto_generated|counter_reg_bit[3] ;
; 0.385  ; 0.573        ; 0.188          ; Low Pulse Width  ; SCL   ; Rise       ; registro8:inst14|lpm_shiftreg:LPM_SHIFTREG_component|dffs[0]                                   ;
; 0.385  ; 0.573        ; 0.188          ; Low Pulse Width  ; SCL   ; Rise       ; registro8:inst14|lpm_shiftreg:LPM_SHIFTREG_component|dffs[1]                                   ;
; 0.385  ; 0.573        ; 0.188          ; Low Pulse Width  ; SCL   ; Rise       ; registro8:inst14|lpm_shiftreg:LPM_SHIFTREG_component|dffs[2]                                   ;
; 0.385  ; 0.573        ; 0.188          ; Low Pulse Width  ; SCL   ; Rise       ; registro8:inst14|lpm_shiftreg:LPM_SHIFTREG_component|dffs[3]                                   ;
; 0.385  ; 0.573        ; 0.188          ; Low Pulse Width  ; SCL   ; Rise       ; registro8:inst14|lpm_shiftreg:LPM_SHIFTREG_component|dffs[4]                                   ;
; 0.385  ; 0.573        ; 0.188          ; Low Pulse Width  ; SCL   ; Rise       ; registro8:inst14|lpm_shiftreg:LPM_SHIFTREG_component|dffs[5]                                   ;
; 0.385  ; 0.573        ; 0.188          ; Low Pulse Width  ; SCL   ; Rise       ; registro8:inst14|lpm_shiftreg:LPM_SHIFTREG_component|dffs[6]                                   ;
; 0.385  ; 0.573        ; 0.188          ; Low Pulse Width  ; SCL   ; Rise       ; registro8:inst14|lpm_shiftreg:LPM_SHIFTREG_component|dffs[7]                                   ;
; 0.395  ; 0.395        ; 0.000          ; Low Pulse Width  ; SCL   ; Rise       ; SCL~input|o                                                                                    ;
; 0.409  ; 0.409        ; 0.000          ; Low Pulse Width  ; SCL   ; Rise       ; SCL~inputclkctrl|inclk[0]                                                                      ;
; 0.409  ; 0.409        ; 0.000          ; Low Pulse Width  ; SCL   ; Rise       ; SCL~inputclkctrl|outclk                                                                        ;
; 0.413  ; 0.413        ; 0.000          ; Low Pulse Width  ; SCL   ; Rise       ; inst|fstate.AC|clk                                                                             ;
; 0.413  ; 0.413        ; 0.000          ; Low Pulse Width  ; SCL   ; Rise       ; inst|fstate.Oscioso|clk                                                                        ;
; 0.413  ; 0.413        ; 0.000          ; Low Pulse Width  ; SCL   ; Rise       ; inst|fstate.R_W|clk                                                                            ;
; 0.456  ; 0.456        ; 0.000          ; High Pulse Width ; SCL   ; Rise       ; inst14|LPM_SHIFTREG_component|dffs[0]|clk                                                      ;
; 0.456  ; 0.456        ; 0.000          ; High Pulse Width ; SCL   ; Rise       ; inst14|LPM_SHIFTREG_component|dffs[1]|clk                                                      ;
; 0.456  ; 0.456        ; 0.000          ; High Pulse Width ; SCL   ; Rise       ; inst14|LPM_SHIFTREG_component|dffs[2]|clk                                                      ;
; 0.456  ; 0.456        ; 0.000          ; High Pulse Width ; SCL   ; Rise       ; inst14|LPM_SHIFTREG_component|dffs[3]|clk                                                      ;
; 0.456  ; 0.456        ; 0.000          ; High Pulse Width ; SCL   ; Rise       ; inst14|LPM_SHIFTREG_component|dffs[4]|clk                                                      ;
; 0.456  ; 0.456        ; 0.000          ; High Pulse Width ; SCL   ; Rise       ; inst14|LPM_SHIFTREG_component|dffs[5]|clk                                                      ;
; 0.456  ; 0.456        ; 0.000          ; High Pulse Width ; SCL   ; Rise       ; inst14|LPM_SHIFTREG_component|dffs[6]|clk                                                      ;
; 0.456  ; 0.456        ; 0.000          ; High Pulse Width ; SCL   ; Rise       ; inst14|LPM_SHIFTREG_component|dffs[7]|clk                                                      ;
; 0.457  ; 0.457        ; 0.000          ; High Pulse Width ; SCL   ; Rise       ; inst12|LPM_COUNTER_component|auto_generated|counter_reg_bit[0]|clk                             ;
; 0.457  ; 0.457        ; 0.000          ; High Pulse Width ; SCL   ; Rise       ; inst12|LPM_COUNTER_component|auto_generated|counter_reg_bit[1]|clk                             ;
; 0.457  ; 0.457        ; 0.000          ; High Pulse Width ; SCL   ; Rise       ; inst12|LPM_COUNTER_component|auto_generated|counter_reg_bit[2]|clk                             ;
; 0.457  ; 0.457        ; 0.000          ; High Pulse Width ; SCL   ; Rise       ; inst12|LPM_COUNTER_component|auto_generated|counter_reg_bit[3]|clk                             ;
+--------+--------------+----------------+------------------+-------+------------+------------------------------------------------------------------------------------------------+


+-----------------------------------------------------------------------------------------------------------------------------------------------------------+
; Slow 1200mV 85C Model Minimum Pulse Width: 'Clock_registro'                                                                                               ;
+--------+--------------+----------------+------------------+----------------+------------+-----------------------------------------------------------------+
; Slack  ; Actual Width ; Required Width ; Type             ; Clock          ; Clock Edge ; Target                                                          ;
+--------+--------------+----------------+------------------+----------------+------------+-----------------------------------------------------------------+
; -3.000 ; 1.000        ; 4.000          ; Port Rate        ; Clock_registro ; Rise       ; Clock_registro                                                  ;
; -1.285 ; 1.000        ; 2.285          ; Min Period       ; Clock_registro ; Rise       ; registro7:DIRECCION|lpm_shiftreg:LPM_SHIFTREG_component|dffs[0] ;
; -1.285 ; 1.000        ; 2.285          ; Min Period       ; Clock_registro ; Rise       ; registro7:DIRECCION|lpm_shiftreg:LPM_SHIFTREG_component|dffs[1] ;
; -1.285 ; 1.000        ; 2.285          ; Min Period       ; Clock_registro ; Rise       ; registro7:DIRECCION|lpm_shiftreg:LPM_SHIFTREG_component|dffs[2] ;
; -1.285 ; 1.000        ; 2.285          ; Min Period       ; Clock_registro ; Rise       ; registro7:DIRECCION|lpm_shiftreg:LPM_SHIFTREG_component|dffs[3] ;
; -1.285 ; 1.000        ; 2.285          ; Min Period       ; Clock_registro ; Rise       ; registro7:DIRECCION|lpm_shiftreg:LPM_SHIFTREG_component|dffs[4] ;
; -1.285 ; 1.000        ; 2.285          ; Min Period       ; Clock_registro ; Rise       ; registro7:DIRECCION|lpm_shiftreg:LPM_SHIFTREG_component|dffs[5] ;
; -1.285 ; 1.000        ; 2.285          ; Min Period       ; Clock_registro ; Rise       ; registro7:DIRECCION|lpm_shiftreg:LPM_SHIFTREG_component|dffs[6] ;
; 0.259  ; 0.447        ; 0.188          ; Low Pulse Width  ; Clock_registro ; Rise       ; registro7:DIRECCION|lpm_shiftreg:LPM_SHIFTREG_component|dffs[0] ;
; 0.259  ; 0.447        ; 0.188          ; Low Pulse Width  ; Clock_registro ; Rise       ; registro7:DIRECCION|lpm_shiftreg:LPM_SHIFTREG_component|dffs[1] ;
; 0.259  ; 0.447        ; 0.188          ; Low Pulse Width  ; Clock_registro ; Rise       ; registro7:DIRECCION|lpm_shiftreg:LPM_SHIFTREG_component|dffs[2] ;
; 0.259  ; 0.447        ; 0.188          ; Low Pulse Width  ; Clock_registro ; Rise       ; registro7:DIRECCION|lpm_shiftreg:LPM_SHIFTREG_component|dffs[3] ;
; 0.259  ; 0.447        ; 0.188          ; Low Pulse Width  ; Clock_registro ; Rise       ; registro7:DIRECCION|lpm_shiftreg:LPM_SHIFTREG_component|dffs[4] ;
; 0.259  ; 0.447        ; 0.188          ; Low Pulse Width  ; Clock_registro ; Rise       ; registro7:DIRECCION|lpm_shiftreg:LPM_SHIFTREG_component|dffs[5] ;
; 0.259  ; 0.447        ; 0.188          ; Low Pulse Width  ; Clock_registro ; Rise       ; registro7:DIRECCION|lpm_shiftreg:LPM_SHIFTREG_component|dffs[6] ;
; 0.333  ; 0.553        ; 0.220          ; High Pulse Width ; Clock_registro ; Rise       ; registro7:DIRECCION|lpm_shiftreg:LPM_SHIFTREG_component|dffs[0] ;
; 0.333  ; 0.553        ; 0.220          ; High Pulse Width ; Clock_registro ; Rise       ; registro7:DIRECCION|lpm_shiftreg:LPM_SHIFTREG_component|dffs[1] ;
; 0.333  ; 0.553        ; 0.220          ; High Pulse Width ; Clock_registro ; Rise       ; registro7:DIRECCION|lpm_shiftreg:LPM_SHIFTREG_component|dffs[2] ;
; 0.333  ; 0.553        ; 0.220          ; High Pulse Width ; Clock_registro ; Rise       ; registro7:DIRECCION|lpm_shiftreg:LPM_SHIFTREG_component|dffs[3] ;
; 0.333  ; 0.553        ; 0.220          ; High Pulse Width ; Clock_registro ; Rise       ; registro7:DIRECCION|lpm_shiftreg:LPM_SHIFTREG_component|dffs[4] ;
; 0.333  ; 0.553        ; 0.220          ; High Pulse Width ; Clock_registro ; Rise       ; registro7:DIRECCION|lpm_shiftreg:LPM_SHIFTREG_component|dffs[5] ;
; 0.333  ; 0.553        ; 0.220          ; High Pulse Width ; Clock_registro ; Rise       ; registro7:DIRECCION|lpm_shiftreg:LPM_SHIFTREG_component|dffs[6] ;
; 0.395  ; 0.395        ; 0.000          ; Low Pulse Width  ; Clock_registro ; Rise       ; Clock_registro~input|o                                          ;
; 0.409  ; 0.409        ; 0.000          ; Low Pulse Width  ; Clock_registro ; Rise       ; Clock_registro~inputclkctrl|inclk[0]                            ;
; 0.409  ; 0.409        ; 0.000          ; Low Pulse Width  ; Clock_registro ; Rise       ; Clock_registro~inputclkctrl|outclk                              ;
; 0.411  ; 0.411        ; 0.000          ; Low Pulse Width  ; Clock_registro ; Rise       ; DIRECCION|LPM_SHIFTREG_component|dffs[0]|clk                    ;
; 0.411  ; 0.411        ; 0.000          ; Low Pulse Width  ; Clock_registro ; Rise       ; DIRECCION|LPM_SHIFTREG_component|dffs[1]|clk                    ;
; 0.411  ; 0.411        ; 0.000          ; Low Pulse Width  ; Clock_registro ; Rise       ; DIRECCION|LPM_SHIFTREG_component|dffs[2]|clk                    ;
; 0.411  ; 0.411        ; 0.000          ; Low Pulse Width  ; Clock_registro ; Rise       ; DIRECCION|LPM_SHIFTREG_component|dffs[3]|clk                    ;
; 0.411  ; 0.411        ; 0.000          ; Low Pulse Width  ; Clock_registro ; Rise       ; DIRECCION|LPM_SHIFTREG_component|dffs[4]|clk                    ;
; 0.411  ; 0.411        ; 0.000          ; Low Pulse Width  ; Clock_registro ; Rise       ; DIRECCION|LPM_SHIFTREG_component|dffs[5]|clk                    ;
; 0.411  ; 0.411        ; 0.000          ; Low Pulse Width  ; Clock_registro ; Rise       ; DIRECCION|LPM_SHIFTREG_component|dffs[6]|clk                    ;
; 0.500  ; 0.500        ; 0.000          ; High Pulse Width ; Clock_registro ; Rise       ; Clock_registro~input|i                                          ;
; 0.500  ; 0.500        ; 0.000          ; Low Pulse Width  ; Clock_registro ; Rise       ; Clock_registro~input|i                                          ;
; 0.588  ; 0.588        ; 0.000          ; High Pulse Width ; Clock_registro ; Rise       ; DIRECCION|LPM_SHIFTREG_component|dffs[0]|clk                    ;
; 0.588  ; 0.588        ; 0.000          ; High Pulse Width ; Clock_registro ; Rise       ; DIRECCION|LPM_SHIFTREG_component|dffs[1]|clk                    ;
; 0.588  ; 0.588        ; 0.000          ; High Pulse Width ; Clock_registro ; Rise       ; DIRECCION|LPM_SHIFTREG_component|dffs[2]|clk                    ;
; 0.588  ; 0.588        ; 0.000          ; High Pulse Width ; Clock_registro ; Rise       ; DIRECCION|LPM_SHIFTREG_component|dffs[3]|clk                    ;
; 0.588  ; 0.588        ; 0.000          ; High Pulse Width ; Clock_registro ; Rise       ; DIRECCION|LPM_SHIFTREG_component|dffs[4]|clk                    ;
; 0.588  ; 0.588        ; 0.000          ; High Pulse Width ; Clock_registro ; Rise       ; DIRECCION|LPM_SHIFTREG_component|dffs[5]|clk                    ;
; 0.588  ; 0.588        ; 0.000          ; High Pulse Width ; Clock_registro ; Rise       ; DIRECCION|LPM_SHIFTREG_component|dffs[6]|clk                    ;
; 0.591  ; 0.591        ; 0.000          ; High Pulse Width ; Clock_registro ; Rise       ; Clock_registro~inputclkctrl|inclk[0]                            ;
; 0.591  ; 0.591        ; 0.000          ; High Pulse Width ; Clock_registro ; Rise       ; Clock_registro~inputclkctrl|outclk                              ;
; 0.605  ; 0.605        ; 0.000          ; High Pulse Width ; Clock_registro ; Rise       ; Clock_registro~input|o                                          ;
+--------+--------------+----------------+------------------+----------------+------------+-----------------------------------------------------------------+


+---------------------------------------------------------------------------------+
; Setup Times                                                                     ;
+-----------------+----------------+-------+-------+------------+-----------------+
; Data Port       ; Clock Port     ; Rise  ; Fall  ; Clock Edge ; Clock Reference ;
+-----------------+----------------+-------+-------+------------+-----------------+
; CARGA_DIRECCION ; Clock_registro ; 0.972 ; 1.310 ; Rise       ; Clock_registro  ;
; SDA             ; SCL            ; 2.968 ; 3.312 ; Rise       ; SCL             ;
; reset           ; SCL            ; 2.754 ; 2.736 ; Rise       ; SCL             ;
+-----------------+----------------+-------+-------+------------+-----------------+


+-----------------------------------------------------------------------------------+
; Hold Times                                                                        ;
+-----------------+----------------+--------+--------+------------+-----------------+
; Data Port       ; Clock Port     ; Rise   ; Fall   ; Clock Edge ; Clock Reference ;
+-----------------+----------------+--------+--------+------------+-----------------+
; CARGA_DIRECCION ; Clock_registro ; -0.533 ; -0.854 ; Rise       ; Clock_registro  ;
; SDA             ; SCL            ; 2.753  ; 2.451  ; Rise       ; SCL             ;
; reset           ; SCL            ; 0.096  ; 0.129  ; Rise       ; SCL             ;
+-----------------+----------------+--------+--------+------------+-----------------+


+-------------------------------------------------------------------------+
; Clock to Output Times                                                   ;
+-----------+------------+--------+--------+------------+-----------------+
; Data Port ; Clock Port ; Rise   ; Fall   ; Clock Edge ; Clock Reference ;
+-----------+------------+--------+--------+------------+-----------------+
; DATA[*]   ; SCL        ; 10.004 ; 10.018 ; Rise       ; SCL             ;
;  DATA[0]  ; SCL        ; 10.004 ; 10.018 ; Rise       ; SCL             ;
;  DATA[1]  ; SCL        ; 9.963  ; 9.980  ; Rise       ; SCL             ;
;  DATA[2]  ; SCL        ; 9.970  ; 9.980  ; Rise       ; SCL             ;
;  DATA[3]  ; SCL        ; 9.669  ; 9.695  ; Rise       ; SCL             ;
;  DATA[4]  ; SCL        ; 9.963  ; 9.977  ; Rise       ; SCL             ;
;  DATA[5]  ; SCL        ; 9.952  ; 9.965  ; Rise       ; SCL             ;
;  DATA[6]  ; SCL        ; 9.681  ; 9.705  ; Rise       ; SCL             ;
;  DATA[7]  ; SCL        ; 9.976  ; 9.996  ; Rise       ; SCL             ;
; DIRE[*]   ; SCL        ; 12.706 ; 12.898 ; Rise       ; SCL             ;
;  DIRE[0]  ; SCL        ; 9.965  ; 9.922  ; Rise       ; SCL             ;
;  DIRE[1]  ; SCL        ; 9.992  ; 9.946  ; Rise       ; SCL             ;
;  DIRE[2]  ; SCL        ; 9.706  ; 9.679  ; Rise       ; SCL             ;
;  DIRE[3]  ; SCL        ; 9.976  ; 9.931  ; Rise       ; SCL             ;
;  DIRE[4]  ; SCL        ; 9.984  ; 9.930  ; Rise       ; SCL             ;
;  DIRE[5]  ; SCL        ; 12.706 ; 12.898 ; Rise       ; SCL             ;
;  DIRE[6]  ; SCL        ; 10.028 ; 9.994  ; Rise       ; SCL             ;
; NC0       ; SCL        ; 9.762  ; 9.741  ; Rise       ; SCL             ;
; NC1       ; SCL        ; 9.744  ; 9.721  ; Rise       ; SCL             ;
; NC2       ; SCL        ; 9.844  ; 9.839  ; Rise       ; SCL             ;
; NC20      ; SCL        ; 10.026 ; 9.972  ; Rise       ; SCL             ;
; NC21      ; SCL        ; 9.976  ; 9.918  ; Rise       ; SCL             ;
; NC22      ; SCL        ; 10.292 ; 10.228 ; Rise       ; SCL             ;
; NC23      ; SCL        ; 9.788  ; 9.764  ; Rise       ; SCL             ;
+-----------+------------+--------+--------+------------+-----------------+


+-------------------------------------------------------------------------+
; Minimum Clock to Output Times                                           ;
+-----------+------------+--------+--------+------------+-----------------+
; Data Port ; Clock Port ; Rise   ; Fall   ; Clock Edge ; Clock Reference ;
+-----------+------------+--------+--------+------------+-----------------+
; DATA[*]   ; SCL        ; 9.395  ; 9.419  ; Rise       ; SCL             ;
;  DATA[0]  ; SCL        ; 9.716  ; 9.728  ; Rise       ; SCL             ;
;  DATA[1]  ; SCL        ; 9.676  ; 9.692  ; Rise       ; SCL             ;
;  DATA[2]  ; SCL        ; 9.683  ; 9.692  ; Rise       ; SCL             ;
;  DATA[3]  ; SCL        ; 9.395  ; 9.419  ; Rise       ; SCL             ;
;  DATA[4]  ; SCL        ; 9.677  ; 9.689  ; Rise       ; SCL             ;
;  DATA[5]  ; SCL        ; 9.666  ; 9.678  ; Rise       ; SCL             ;
;  DATA[6]  ; SCL        ; 9.407  ; 9.429  ; Rise       ; SCL             ;
;  DATA[7]  ; SCL        ; 9.689  ; 9.707  ; Rise       ; SCL             ;
; DIRE[*]   ; SCL        ; 9.426  ; 9.399  ; Rise       ; SCL             ;
;  DIRE[0]  ; SCL        ; 9.675  ; 9.633  ; Rise       ; SCL             ;
;  DIRE[1]  ; SCL        ; 9.702  ; 9.656  ; Rise       ; SCL             ;
;  DIRE[2]  ; SCL        ; 9.426  ; 9.399  ; Rise       ; SCL             ;
;  DIRE[3]  ; SCL        ; 9.686  ; 9.642  ; Rise       ; SCL             ;
;  DIRE[4]  ; SCL        ; 9.693  ; 9.640  ; Rise       ; SCL             ;
;  DIRE[5]  ; SCL        ; 12.306 ; 12.490 ; Rise       ; SCL             ;
;  DIRE[6]  ; SCL        ; 9.736  ; 9.702  ; Rise       ; SCL             ;
; NC0       ; SCL        ; 9.481  ; 9.460  ; Rise       ; SCL             ;
; NC1       ; SCL        ; 9.464  ; 9.440  ; Rise       ; SCL             ;
; NC2       ; SCL        ; 9.560  ; 9.554  ; Rise       ; SCL             ;
; NC20      ; SCL        ; 9.734  ; 9.680  ; Rise       ; SCL             ;
; NC21      ; SCL        ; 9.685  ; 9.628  ; Rise       ; SCL             ;
; NC22      ; SCL        ; 9.988  ; 9.926  ; Rise       ; SCL             ;
; NC23      ; SCL        ; 9.505  ; 9.481  ; Rise       ; SCL             ;
+-----------+------------+--------+--------+------------+-----------------+


+----------------------------------------------------------+
; Propagation Delay                                        ;
+------------+-------------+-------+-------+-------+-------+
; Input Port ; Output Port ; RR    ; RF    ; FR    ; FF    ;
+------------+-------------+-------+-------+-------+-------+
; reset      ; SDA         ; 7.129 ; 7.009 ; 7.124 ; 7.124 ;
+------------+-------------+-------+-------+-------+-------+


+----------------------------------------------------------+
; Minimum Propagation Delay                                ;
+------------+-------------+-------+-------+-------+-------+
; Input Port ; Output Port ; RR    ; RF    ; FR    ; FF    ;
+------------+-------------+-------+-------+-------+-------+
; reset      ; SDA         ; 6.604 ; 6.604 ; 6.605 ; 6.637 ;
+------------+-------------+-------+-------+-------+-------+


+-----------------------------------------------------------------------+
; Output Enable Times                                                   ;
+-----------+------------+-------+-------+------------+-----------------+
; Data Port ; Clock Port ; Rise  ; Fall  ; Clock Edge ; Clock Reference ;
+-----------+------------+-------+-------+------------+-----------------+
; SDA       ; SCL        ; 7.988 ; 7.988 ; Rise       ; SCL             ;
+-----------+------------+-------+-------+------------+-----------------+


+-----------------------------------------------------------------------+
; Minimum Output Enable Times                                           ;
+-----------+------------+-------+-------+------------+-----------------+
; Data Port ; Clock Port ; Rise  ; Fall  ; Clock Edge ; Clock Reference ;
+-----------+------------+-------+-------+------------+-----------------+
; SDA       ; SCL        ; 7.348 ; 7.380 ; Rise       ; SCL             ;
+-----------+------------+-------+-------+------------+-----------------+


+-------------------------------------------------------------------------------+
; Output Disable Times                                                          ;
+-----------+------------+-----------+-----------+------------+-----------------+
; Data Port ; Clock Port ; 0 to Hi-Z ; 1 to Hi-Z ; Clock Edge ; Clock Reference ;
+-----------+------------+-----------+-----------+------------+-----------------+
; SDA       ; SCL        ; 7.830     ; 7.950     ; Rise       ; SCL             ;
+-----------+------------+-----------+-----------+------------+-----------------+


+-------------------------------------------------------------------------------+
; Minimum Output Disable Times                                                  ;
+-----------+------------+-----------+-----------+------------+-----------------+
; Data Port ; Clock Port ; 0 to Hi-Z ; 1 to Hi-Z ; Clock Edge ; Clock Reference ;
+-----------+------------+-----------+-----------+------------+-----------------+
; SDA       ; SCL        ; 7.295     ; 7.295     ; Rise       ; SCL             ;
+-----------+------------+-----------+-----------+------------+-----------------+


----------------------------------------------
; Slow 1200mV 85C Model Metastability Report ;
----------------------------------------------
No synchronizer chains to report.


+----------------------------------------------------------------------------------------------------------------+
; Slow 1200mV 0C Model Fmax Summary                                                                              ;
+-------------+-----------------+----------------+---------------------------------------------------------------+
; Fmax        ; Restricted Fmax ; Clock Name     ; Note                                                          ;
+-------------+-----------------+----------------+---------------------------------------------------------------+
; 167.0 MHz   ; 167.0 MHz       ; SCL            ;                                                               ;
; 1029.87 MHz ; 250.0 MHz       ; Clock_registro ; limit due to minimum period restriction (max I/O toggle rate) ;
+-------------+-----------------+----------------+---------------------------------------------------------------+
This panel reports FMAX for every clock in the design, regardless of the user-specified clock periods.  FMAX is only computed for paths where the source and destination registers or ports are driven by the same clock.  Paths of different clocks, including generated clocks, are ignored.  For paths between a clock and its inversion, FMAX is computed as if the rising and falling edges are scaled along with FMAX, such that the duty cycle (in terms of a percentage) is maintained. Altera recommends that you always use clock constraints and other slack reports for sign-off analysis.


+-----------------------------------------+
; Slow 1200mV 0C Model Setup Summary      ;
+----------------+--------+---------------+
; Clock          ; Slack  ; End Point TNS ;
+----------------+--------+---------------+
; SCL            ; -4.988 ; -27.457       ;
; Clock_registro ; 0.029  ; 0.000         ;
+----------------+--------+---------------+


+----------------------------------------+
; Slow 1200mV 0C Model Hold Summary      ;
+----------------+-------+---------------+
; Clock          ; Slack ; End Point TNS ;
+----------------+-------+---------------+
; SCL            ; 0.119 ; 0.000         ;
; Clock_registro ; 0.401 ; 0.000         ;
+----------------+-------+---------------+


-----------------------------------------
; Slow 1200mV 0C Model Recovery Summary ;
-----------------------------------------
No paths to report.


----------------------------------------
; Slow 1200mV 0C Model Removal Summary ;
----------------------------------------
No paths to report.


+--------------------------------------------------+
; Slow 1200mV 0C Model Minimum Pulse Width Summary ;
+----------------+--------+------------------------+
; Clock          ; Slack  ; End Point TNS          ;
+----------------+--------+------------------------+
; SCL            ; -3.000 ; -37.695                ;
; Clock_registro ; -3.000 ; -11.995                ;
+----------------+--------+------------------------+


+----------------------------------------------------------------------------------------------------------------------------------------------------------------------------------------------------------------------------------------------------------------------------------+
; Slow 1200mV 0C Model Setup: 'SCL'                                                                                                                                                                                                                                                ;
+--------+------------------------------------------------------------------------------------------------+------------------------------------------------------------------------------------------------+----------------+-------------+--------------+------------+------------+
; Slack  ; From Node                                                                                      ; To Node                                                                                        ; Launch Clock   ; Latch Clock ; Relationship ; Clock Skew ; Data Delay ;
+--------+------------------------------------------------------------------------------------------------+------------------------------------------------------------------------------------------------+----------------+-------------+--------------+------------+------------+
; -4.988 ; contador_8:inst12|lpm_counter:LPM_COUNTER_component|cntr_5vj:auto_generated|counter_reg_bit[1] ; I2C_maquina_estado:inst|fstate.Oscioso                                                         ; SCL            ; SCL         ; 1.000        ; -3.316     ; 2.671      ;
; -4.910 ; contador7:inst4|lpm_counter:LPM_COUNTER_component|cntr_tki:auto_generated|counter_reg_bit[0]   ; I2C_maquina_estado:inst|fstate.R_W                                                             ; SCL            ; SCL         ; 1.000        ; -3.295     ; 2.614      ;
; -4.897 ; contador_8:inst12|lpm_counter:LPM_COUNTER_component|cntr_5vj:auto_generated|counter_reg_bit[0] ; I2C_maquina_estado:inst|fstate.Oscioso                                                         ; SCL            ; SCL         ; 1.000        ; -3.316     ; 2.580      ;
; -4.855 ; contador_8:inst12|lpm_counter:LPM_COUNTER_component|cntr_5vj:auto_generated|counter_reg_bit[3] ; I2C_maquina_estado:inst|fstate.Oscioso                                                         ; SCL            ; SCL         ; 1.000        ; -3.316     ; 2.538      ;
; -4.826 ; contador7:inst4|lpm_counter:LPM_COUNTER_component|cntr_tki:auto_generated|counter_reg_bit[1]   ; I2C_maquina_estado:inst|fstate.R_W                                                             ; SCL            ; SCL         ; 1.000        ; -3.295     ; 2.530      ;
; -4.794 ; contador7:inst4|lpm_counter:LPM_COUNTER_component|cntr_tki:auto_generated|counter_reg_bit[2]   ; I2C_maquina_estado:inst|fstate.R_W                                                             ; SCL            ; SCL         ; 1.000        ; -3.295     ; 2.498      ;
; -4.781 ; contador_8:inst12|lpm_counter:LPM_COUNTER_component|cntr_5vj:auto_generated|counter_reg_bit[2] ; I2C_maquina_estado:inst|fstate.Oscioso                                                         ; SCL            ; SCL         ; 1.000        ; -3.316     ; 2.464      ;
; -4.746 ; registro7:inst13|lpm_shiftreg:LPM_SHIFTREG_component|dffs[0]                                   ; I2C_maquina_estado:inst|fstate.Oscioso                                                         ; SCL            ; SCL         ; 1.000        ; -3.306     ; 2.439      ;
; -4.701 ; registro7:inst13|lpm_shiftreg:LPM_SHIFTREG_component|dffs[0]                                   ; I2C_maquina_estado:inst|fstate.R_W                                                             ; SCL            ; SCL         ; 1.000        ; -3.306     ; 2.394      ;
; -4.694 ; contador7:inst4|lpm_counter:LPM_COUNTER_component|cntr_tki:auto_generated|counter_reg_bit[0]   ; I2C_maquina_estado:inst|fstate.Oscioso                                                         ; SCL            ; SCL         ; 1.000        ; -3.295     ; 2.398      ;
; -4.620 ; contador7:inst4|lpm_counter:LPM_COUNTER_component|cntr_tki:auto_generated|counter_reg_bit[1]   ; I2C_maquina_estado:inst|fstate.Oscioso                                                         ; SCL            ; SCL         ; 1.000        ; -3.295     ; 2.324      ;
; -4.578 ; contador7:inst4|lpm_counter:LPM_COUNTER_component|cntr_tki:auto_generated|counter_reg_bit[2]   ; I2C_maquina_estado:inst|fstate.Oscioso                                                         ; SCL            ; SCL         ; 1.000        ; -3.295     ; 2.282      ;
; -4.563 ; registro7:inst13|lpm_shiftreg:LPM_SHIFTREG_component|dffs[6]                                   ; I2C_maquina_estado:inst|fstate.Oscioso                                                         ; SCL            ; SCL         ; 1.000        ; -3.306     ; 2.256      ;
; -4.452 ; registro7:inst13|lpm_shiftreg:LPM_SHIFTREG_component|dffs[2]                                   ; I2C_maquina_estado:inst|fstate.Oscioso                                                         ; SCL            ; SCL         ; 1.000        ; -3.306     ; 2.145      ;
; -4.440 ; registro7:inst13|lpm_shiftreg:LPM_SHIFTREG_component|dffs[4]                                   ; I2C_maquina_estado:inst|fstate.Oscioso                                                         ; SCL            ; SCL         ; 1.000        ; -3.306     ; 2.133      ;
; -4.434 ; registro7:inst13|lpm_shiftreg:LPM_SHIFTREG_component|dffs[1]                                   ; I2C_maquina_estado:inst|fstate.Oscioso                                                         ; SCL            ; SCL         ; 1.000        ; -3.306     ; 2.127      ;
; -4.419 ; registro7:inst13|lpm_shiftreg:LPM_SHIFTREG_component|dffs[1]                                   ; I2C_maquina_estado:inst|fstate.R_W                                                             ; SCL            ; SCL         ; 1.000        ; -3.306     ; 2.112      ;
; -4.332 ; registro7:inst13|lpm_shiftreg:LPM_SHIFTREG_component|dffs[6]                                   ; I2C_maquina_estado:inst|fstate.R_W                                                             ; SCL            ; SCL         ; 1.000        ; -3.306     ; 2.025      ;
; -4.312 ; registro7:inst13|lpm_shiftreg:LPM_SHIFTREG_component|dffs[3]                                   ; I2C_maquina_estado:inst|fstate.Oscioso                                                         ; SCL            ; SCL         ; 1.000        ; -3.306     ; 2.005      ;
; -4.275 ; registro7:inst13|lpm_shiftreg:LPM_SHIFTREG_component|dffs[3]                                   ; I2C_maquina_estado:inst|fstate.R_W                                                             ; SCL            ; SCL         ; 1.000        ; -3.306     ; 1.968      ;
; -4.209 ; registro7:inst13|lpm_shiftreg:LPM_SHIFTREG_component|dffs[4]                                   ; I2C_maquina_estado:inst|fstate.R_W                                                             ; SCL            ; SCL         ; 1.000        ; -3.306     ; 1.902      ;
; -4.110 ; registro7:inst13|lpm_shiftreg:LPM_SHIFTREG_component|dffs[5]                                   ; I2C_maquina_estado:inst|fstate.Oscioso                                                         ; SCL            ; SCL         ; 1.000        ; -3.306     ; 1.803      ;
; -4.097 ; registro7:inst13|lpm_shiftreg:LPM_SHIFTREG_component|dffs[2]                                   ; I2C_maquina_estado:inst|fstate.R_W                                                             ; SCL            ; SCL         ; 1.000        ; -3.306     ; 1.790      ;
; -3.915 ; contador7:inst4|lpm_counter:LPM_COUNTER_component|cntr_tki:auto_generated|counter_reg_bit[0]   ; I2C_maquina_estado:inst|fstate.Guardar_dir                                                     ; SCL            ; SCL         ; 1.000        ; -2.483     ; 2.431      ;
; -3.802 ; contador7:inst4|lpm_counter:LPM_COUNTER_component|cntr_tki:auto_generated|counter_reg_bit[1]   ; I2C_maquina_estado:inst|fstate.Guardar_dir                                                     ; SCL            ; SCL         ; 1.000        ; -2.483     ; 2.318      ;
; -3.799 ; contador7:inst4|lpm_counter:LPM_COUNTER_component|cntr_tki:auto_generated|counter_reg_bit[2]   ; I2C_maquina_estado:inst|fstate.Guardar_dir                                                     ; SCL            ; SCL         ; 1.000        ; -2.483     ; 2.315      ;
; -3.758 ; registro7:inst13|lpm_shiftreg:LPM_SHIFTREG_component|dffs[5]                                   ; I2C_maquina_estado:inst|fstate.R_W                                                             ; SCL            ; SCL         ; 1.000        ; -3.306     ; 1.451      ;
; -3.681 ; contador_8:inst12|lpm_counter:LPM_COUNTER_component|cntr_5vj:auto_generated|counter_reg_bit[1] ; I2C_maquina_estado:inst|fstate.guardar_dato                                                    ; SCL            ; SCL         ; 1.000        ; -2.436     ; 2.244      ;
; -3.641 ; contador_8:inst12|lpm_counter:LPM_COUNTER_component|cntr_5vj:auto_generated|counter_reg_bit[2] ; I2C_maquina_estado:inst|fstate.guardar_dato                                                    ; SCL            ; SCL         ; 1.000        ; -2.436     ; 2.204      ;
; -3.590 ; contador_8:inst12|lpm_counter:LPM_COUNTER_component|cntr_5vj:auto_generated|counter_reg_bit[0] ; I2C_maquina_estado:inst|fstate.guardar_dato                                                    ; SCL            ; SCL         ; 1.000        ; -2.436     ; 2.153      ;
; -3.548 ; contador_8:inst12|lpm_counter:LPM_COUNTER_component|cntr_5vj:auto_generated|counter_reg_bit[3] ; I2C_maquina_estado:inst|fstate.guardar_dato                                                    ; SCL            ; SCL         ; 1.000        ; -2.436     ; 2.111      ;
; -1.893 ; contador_8:inst12|lpm_counter:LPM_COUNTER_component|cntr_5vj:auto_generated|counter_reg_bit[1] ; contador_8:inst12|lpm_counter:LPM_COUNTER_component|cntr_5vj:auto_generated|counter_reg_bit[0] ; SCL            ; SCL         ; 1.000        ; -0.072     ; 2.820      ;
; -1.893 ; contador_8:inst12|lpm_counter:LPM_COUNTER_component|cntr_5vj:auto_generated|counter_reg_bit[1] ; contador_8:inst12|lpm_counter:LPM_COUNTER_component|cntr_5vj:auto_generated|counter_reg_bit[1] ; SCL            ; SCL         ; 1.000        ; -0.072     ; 2.820      ;
; -1.893 ; contador_8:inst12|lpm_counter:LPM_COUNTER_component|cntr_5vj:auto_generated|counter_reg_bit[1] ; contador_8:inst12|lpm_counter:LPM_COUNTER_component|cntr_5vj:auto_generated|counter_reg_bit[2] ; SCL            ; SCL         ; 1.000        ; -0.072     ; 2.820      ;
; -1.893 ; contador_8:inst12|lpm_counter:LPM_COUNTER_component|cntr_5vj:auto_generated|counter_reg_bit[1] ; contador_8:inst12|lpm_counter:LPM_COUNTER_component|cntr_5vj:auto_generated|counter_reg_bit[3] ; SCL            ; SCL         ; 1.000        ; -0.072     ; 2.820      ;
; -1.816 ; I2C_maquina_estado:inst|fstate.Guardar_dir                                                     ; I2C_maquina_estado:inst|fstate.Oscioso                                                         ; SCL            ; SCL         ; 1.000        ; -0.948     ; 1.867      ;
; -1.802 ; contador_8:inst12|lpm_counter:LPM_COUNTER_component|cntr_5vj:auto_generated|counter_reg_bit[0] ; contador_8:inst12|lpm_counter:LPM_COUNTER_component|cntr_5vj:auto_generated|counter_reg_bit[0] ; SCL            ; SCL         ; 1.000        ; -0.072     ; 2.729      ;
; -1.802 ; contador_8:inst12|lpm_counter:LPM_COUNTER_component|cntr_5vj:auto_generated|counter_reg_bit[0] ; contador_8:inst12|lpm_counter:LPM_COUNTER_component|cntr_5vj:auto_generated|counter_reg_bit[1] ; SCL            ; SCL         ; 1.000        ; -0.072     ; 2.729      ;
; -1.802 ; contador_8:inst12|lpm_counter:LPM_COUNTER_component|cntr_5vj:auto_generated|counter_reg_bit[0] ; contador_8:inst12|lpm_counter:LPM_COUNTER_component|cntr_5vj:auto_generated|counter_reg_bit[2] ; SCL            ; SCL         ; 1.000        ; -0.072     ; 2.729      ;
; -1.802 ; contador_8:inst12|lpm_counter:LPM_COUNTER_component|cntr_5vj:auto_generated|counter_reg_bit[0] ; contador_8:inst12|lpm_counter:LPM_COUNTER_component|cntr_5vj:auto_generated|counter_reg_bit[3] ; SCL            ; SCL         ; 1.000        ; -0.072     ; 2.729      ;
; -1.768 ; I2C_maquina_estado:inst|fstate.Guardar_dir                                                     ; I2C_maquina_estado:inst|fstate.R_W                                                             ; SCL            ; SCL         ; 1.000        ; -0.948     ; 1.819      ;
; -1.760 ; contador_8:inst12|lpm_counter:LPM_COUNTER_component|cntr_5vj:auto_generated|counter_reg_bit[3] ; contador_8:inst12|lpm_counter:LPM_COUNTER_component|cntr_5vj:auto_generated|counter_reg_bit[0] ; SCL            ; SCL         ; 1.000        ; -0.072     ; 2.687      ;
; -1.760 ; contador_8:inst12|lpm_counter:LPM_COUNTER_component|cntr_5vj:auto_generated|counter_reg_bit[3] ; contador_8:inst12|lpm_counter:LPM_COUNTER_component|cntr_5vj:auto_generated|counter_reg_bit[1] ; SCL            ; SCL         ; 1.000        ; -0.072     ; 2.687      ;
; -1.760 ; contador_8:inst12|lpm_counter:LPM_COUNTER_component|cntr_5vj:auto_generated|counter_reg_bit[3] ; contador_8:inst12|lpm_counter:LPM_COUNTER_component|cntr_5vj:auto_generated|counter_reg_bit[2] ; SCL            ; SCL         ; 1.000        ; -0.072     ; 2.687      ;
; -1.760 ; contador_8:inst12|lpm_counter:LPM_COUNTER_component|cntr_5vj:auto_generated|counter_reg_bit[3] ; contador_8:inst12|lpm_counter:LPM_COUNTER_component|cntr_5vj:auto_generated|counter_reg_bit[3] ; SCL            ; SCL         ; 1.000        ; -0.072     ; 2.687      ;
; -1.686 ; contador_8:inst12|lpm_counter:LPM_COUNTER_component|cntr_5vj:auto_generated|counter_reg_bit[2] ; contador_8:inst12|lpm_counter:LPM_COUNTER_component|cntr_5vj:auto_generated|counter_reg_bit[0] ; SCL            ; SCL         ; 1.000        ; -0.072     ; 2.613      ;
; -1.686 ; contador_8:inst12|lpm_counter:LPM_COUNTER_component|cntr_5vj:auto_generated|counter_reg_bit[2] ; contador_8:inst12|lpm_counter:LPM_COUNTER_component|cntr_5vj:auto_generated|counter_reg_bit[1] ; SCL            ; SCL         ; 1.000        ; -0.072     ; 2.613      ;
; -1.686 ; contador_8:inst12|lpm_counter:LPM_COUNTER_component|cntr_5vj:auto_generated|counter_reg_bit[2] ; contador_8:inst12|lpm_counter:LPM_COUNTER_component|cntr_5vj:auto_generated|counter_reg_bit[2] ; SCL            ; SCL         ; 1.000        ; -0.072     ; 2.613      ;
; -1.686 ; contador_8:inst12|lpm_counter:LPM_COUNTER_component|cntr_5vj:auto_generated|counter_reg_bit[2] ; contador_8:inst12|lpm_counter:LPM_COUNTER_component|cntr_5vj:auto_generated|counter_reg_bit[3] ; SCL            ; SCL         ; 1.000        ; -0.072     ; 2.613      ;
; -1.628 ; I2C_maquina_estado:inst|fstate.guardar_dato                                                    ; I2C_maquina_estado:inst|fstate.Oscioso                                                         ; SCL            ; SCL         ; 1.000        ; -1.018     ; 1.609      ;
; -1.590 ; I2C_maquina_estado:inst|fstate.Oscioso                                                         ; I2C_maquina_estado:inst|fstate.Oscioso                                                         ; SCL            ; SCL         ; 1.000        ; -0.073     ; 2.516      ;
; -1.252 ; registro7:DIRECCION|lpm_shiftreg:LPM_SHIFTREG_component|dffs[5]                                ; I2C_maquina_estado:inst|fstate.Oscioso                                                         ; Clock_registro ; SCL         ; 1.000        ; -0.099     ; 2.132      ;
; -0.997 ; registro7:DIRECCION|lpm_shiftreg:LPM_SHIFTREG_component|dffs[2]                                ; I2C_maquina_estado:inst|fstate.Oscioso                                                         ; Clock_registro ; SCL         ; 1.000        ; -0.099     ; 1.877      ;
; -0.995 ; registro7:DIRECCION|lpm_shiftreg:LPM_SHIFTREG_component|dffs[4]                                ; I2C_maquina_estado:inst|fstate.Oscioso                                                         ; Clock_registro ; SCL         ; 1.000        ; -0.099     ; 1.875      ;
; -0.981 ; registro7:DIRECCION|lpm_shiftreg:LPM_SHIFTREG_component|dffs[0]                                ; I2C_maquina_estado:inst|fstate.Oscioso                                                         ; Clock_registro ; SCL         ; 1.000        ; -0.099     ; 1.861      ;
; -0.941 ; registro7:DIRECCION|lpm_shiftreg:LPM_SHIFTREG_component|dffs[0]                                ; I2C_maquina_estado:inst|fstate.R_W                                                             ; Clock_registro ; SCL         ; 1.000        ; -0.099     ; 1.821      ;
; -0.924 ; registro7:DIRECCION|lpm_shiftreg:LPM_SHIFTREG_component|dffs[6]                                ; I2C_maquina_estado:inst|fstate.Oscioso                                                         ; Clock_registro ; SCL         ; 1.000        ; -0.099     ; 1.804      ;
; -0.900 ; registro7:DIRECCION|lpm_shiftreg:LPM_SHIFTREG_component|dffs[5]                                ; I2C_maquina_estado:inst|fstate.R_W                                                             ; Clock_registro ; SCL         ; 1.000        ; -0.099     ; 1.780      ;
; -0.847 ; registro7:DIRECCION|lpm_shiftreg:LPM_SHIFTREG_component|dffs[1]                                ; I2C_maquina_estado:inst|fstate.Oscioso                                                         ; Clock_registro ; SCL         ; 1.000        ; -0.099     ; 1.727      ;
; -0.840 ; registro7:DIRECCION|lpm_shiftreg:LPM_SHIFTREG_component|dffs[1]                                ; I2C_maquina_estado:inst|fstate.R_W                                                             ; Clock_registro ; SCL         ; 1.000        ; -0.099     ; 1.720      ;
; -0.764 ; registro7:DIRECCION|lpm_shiftreg:LPM_SHIFTREG_component|dffs[4]                                ; I2C_maquina_estado:inst|fstate.R_W                                                             ; Clock_registro ; SCL         ; 1.000        ; -0.099     ; 1.644      ;
; -0.729 ; registro7:DIRECCION|lpm_shiftreg:LPM_SHIFTREG_component|dffs[3]                                ; I2C_maquina_estado:inst|fstate.Oscioso                                                         ; Clock_registro ; SCL         ; 1.000        ; -0.099     ; 1.609      ;
; -0.693 ; registro7:DIRECCION|lpm_shiftreg:LPM_SHIFTREG_component|dffs[6]                                ; I2C_maquina_estado:inst|fstate.R_W                                                             ; Clock_registro ; SCL         ; 1.000        ; -0.099     ; 1.573      ;
; -0.684 ; registro7:DIRECCION|lpm_shiftreg:LPM_SHIFTREG_component|dffs[3]                                ; I2C_maquina_estado:inst|fstate.R_W                                                             ; Clock_registro ; SCL         ; 1.000        ; -0.099     ; 1.564      ;
; -0.645 ; contador7:inst4|lpm_counter:LPM_COUNTER_component|cntr_tki:auto_generated|counter_reg_bit[1]   ; contador7:inst4|lpm_counter:LPM_COUNTER_component|cntr_tki:auto_generated|counter_reg_bit[2]   ; SCL            ; SCL         ; 1.000        ; -0.073     ; 1.571      ;
; -0.645 ; registro7:DIRECCION|lpm_shiftreg:LPM_SHIFTREG_component|dffs[2]                                ; I2C_maquina_estado:inst|fstate.R_W                                                             ; Clock_registro ; SCL         ; 1.000        ; -0.099     ; 1.525      ;
; -0.566 ; contador7:inst4|lpm_counter:LPM_COUNTER_component|cntr_tki:auto_generated|counter_reg_bit[0]   ; contador7:inst4|lpm_counter:LPM_COUNTER_component|cntr_tki:auto_generated|counter_reg_bit[2]   ; SCL            ; SCL         ; 1.000        ; -0.073     ; 1.492      ;
; -0.550 ; contador7:inst4|lpm_counter:LPM_COUNTER_component|cntr_tki:auto_generated|counter_reg_bit[0]   ; contador7:inst4|lpm_counter:LPM_COUNTER_component|cntr_tki:auto_generated|counter_reg_bit[1]   ; SCL            ; SCL         ; 1.000        ; -0.073     ; 1.476      ;
; -0.368 ; registro7:inst13|lpm_shiftreg:LPM_SHIFTREG_component|dffs[0]                                   ; registro7:inst13|lpm_shiftreg:LPM_SHIFTREG_component|dffs[1]                                   ; SCL            ; SCL         ; 1.000        ; -0.073     ; 1.294      ;
; -0.330 ; registro7:inst13|lpm_shiftreg:LPM_SHIFTREG_component|dffs[5]                                   ; registro7:inst13|lpm_shiftreg:LPM_SHIFTREG_component|dffs[6]                                   ; SCL            ; SCL         ; 1.000        ; -0.073     ; 1.256      ;
; -0.138 ; registro7:inst13|lpm_shiftreg:LPM_SHIFTREG_component|dffs[4]                                   ; registro7:inst13|lpm_shiftreg:LPM_SHIFTREG_component|dffs[5]                                   ; SCL            ; SCL         ; 1.000        ; -0.073     ; 1.064      ;
; -0.106 ; contador7:inst4|lpm_counter:LPM_COUNTER_component|cntr_tki:auto_generated|counter_reg_bit[2]   ; contador7:inst4|lpm_counter:LPM_COUNTER_component|cntr_tki:auto_generated|counter_reg_bit[2]   ; SCL            ; SCL         ; 1.000        ; -0.073     ; 1.032      ;
; -0.105 ; contador7:inst4|lpm_counter:LPM_COUNTER_component|cntr_tki:auto_generated|counter_reg_bit[0]   ; contador7:inst4|lpm_counter:LPM_COUNTER_component|cntr_tki:auto_generated|counter_reg_bit[0]   ; SCL            ; SCL         ; 1.000        ; -0.073     ; 1.031      ;
; -0.097 ; I2C_maquina_estado:inst|fstate.R_W                                                             ; I2C_maquina_estado:inst|fstate.AC                                                              ; SCL            ; SCL         ; 1.000        ; -0.073     ; 1.023      ;
; -0.094 ; contador7:inst4|lpm_counter:LPM_COUNTER_component|cntr_tki:auto_generated|counter_reg_bit[1]   ; contador7:inst4|lpm_counter:LPM_COUNTER_component|cntr_tki:auto_generated|counter_reg_bit[1]   ; SCL            ; SCL         ; 1.000        ; -0.073     ; 1.020      ;
; -0.083 ; registro7:inst13|lpm_shiftreg:LPM_SHIFTREG_component|dffs[3]                                   ; registro7:inst13|lpm_shiftreg:LPM_SHIFTREG_component|dffs[4]                                   ; SCL            ; SCL         ; 1.000        ; -0.073     ; 1.009      ;
; -0.075 ; registro7:inst13|lpm_shiftreg:LPM_SHIFTREG_component|dffs[1]                                   ; registro7:inst13|lpm_shiftreg:LPM_SHIFTREG_component|dffs[2]                                   ; SCL            ; SCL         ; 1.000        ; -0.073     ; 1.001      ;
; 0.161  ; I2C_maquina_estado:inst|fstate.AC                                                              ; I2C_maquina_estado:inst|fstate.guardar_dato                                                    ; SCL            ; SCL         ; 1.000        ; 0.779      ; 1.617      ;
; 0.187  ; registro7:inst13|lpm_shiftreg:LPM_SHIFTREG_component|dffs[2]                                   ; registro7:inst13|lpm_shiftreg:LPM_SHIFTREG_component|dffs[3]                                   ; SCL            ; SCL         ; 1.000        ; -0.073     ; 0.739      ;
; 0.195  ; registro8:inst14|lpm_shiftreg:LPM_SHIFTREG_component|dffs[1]                                   ; registro8:inst14|lpm_shiftreg:LPM_SHIFTREG_component|dffs[2]                                   ; SCL            ; SCL         ; 1.000        ; -0.072     ; 0.732      ;
; 0.196  ; registro8:inst14|lpm_shiftreg:LPM_SHIFTREG_component|dffs[3]                                   ; registro8:inst14|lpm_shiftreg:LPM_SHIFTREG_component|dffs[4]                                   ; SCL            ; SCL         ; 1.000        ; -0.072     ; 0.731      ;
; 0.196  ; registro8:inst14|lpm_shiftreg:LPM_SHIFTREG_component|dffs[4]                                   ; registro8:inst14|lpm_shiftreg:LPM_SHIFTREG_component|dffs[5]                                   ; SCL            ; SCL         ; 1.000        ; -0.072     ; 0.731      ;
; 0.196  ; registro8:inst14|lpm_shiftreg:LPM_SHIFTREG_component|dffs[5]                                   ; registro8:inst14|lpm_shiftreg:LPM_SHIFTREG_component|dffs[6]                                   ; SCL            ; SCL         ; 1.000        ; -0.072     ; 0.731      ;
; 0.197  ; registro8:inst14|lpm_shiftreg:LPM_SHIFTREG_component|dffs[6]                                   ; registro8:inst14|lpm_shiftreg:LPM_SHIFTREG_component|dffs[7]                                   ; SCL            ; SCL         ; 1.000        ; -0.072     ; 0.730      ;
; 0.198  ; registro8:inst14|lpm_shiftreg:LPM_SHIFTREG_component|dffs[0]                                   ; registro8:inst14|lpm_shiftreg:LPM_SHIFTREG_component|dffs[1]                                   ; SCL            ; SCL         ; 1.000        ; -0.072     ; 0.729      ;
; 0.198  ; registro8:inst14|lpm_shiftreg:LPM_SHIFTREG_component|dffs[2]                                   ; registro8:inst14|lpm_shiftreg:LPM_SHIFTREG_component|dffs[3]                                   ; SCL            ; SCL         ; 1.000        ; -0.072     ; 0.729      ;
; 0.301  ; I2C_maquina_estado:inst|fstate.Guardar_dir                                                     ; I2C_maquina_estado:inst|fstate.Guardar_dir                                                     ; SCL            ; SCL         ; 1.000        ; -0.039     ; 0.659      ;
; 0.301  ; I2C_maquina_estado:inst|fstate.guardar_dato                                                    ; I2C_maquina_estado:inst|fstate.guardar_dato                                                    ; SCL            ; SCL         ; 1.000        ; -0.039     ; 0.659      ;
; 0.316  ; I2C_maquina_estado:inst|fstate.Oscioso                                                         ; I2C_maquina_estado:inst|fstate.Guardar_dir                                                     ; SCL            ; SCL         ; 1.000        ; 0.711      ; 1.394      ;
+--------+------------------------------------------------------------------------------------------------+------------------------------------------------------------------------------------------------+----------------+-------------+--------------+------------+------------+


+----------------------------------------------------------------------------------------------------------------------------------------------------------------------------------------------------------------------+
; Slow 1200mV 0C Model Setup: 'Clock_registro'                                                                                                                                                                         ;
+-------+-----------------------------------------------------------------+-----------------------------------------------------------------+----------------+----------------+--------------+------------+------------+
; Slack ; From Node                                                       ; To Node                                                         ; Launch Clock   ; Latch Clock    ; Relationship ; Clock Skew ; Data Delay ;
+-------+-----------------------------------------------------------------+-----------------------------------------------------------------+----------------+----------------+--------------+------------+------------+
; 0.029 ; registro7:DIRECCION|lpm_shiftreg:LPM_SHIFTREG_component|dffs[5] ; registro7:DIRECCION|lpm_shiftreg:LPM_SHIFTREG_component|dffs[6] ; Clock_registro ; Clock_registro ; 1.000        ; -0.073     ; 0.897      ;
; 0.194 ; registro7:DIRECCION|lpm_shiftreg:LPM_SHIFTREG_component|dffs[0] ; registro7:DIRECCION|lpm_shiftreg:LPM_SHIFTREG_component|dffs[1] ; Clock_registro ; Clock_registro ; 1.000        ; -0.073     ; 0.732      ;
; 0.205 ; registro7:DIRECCION|lpm_shiftreg:LPM_SHIFTREG_component|dffs[2] ; registro7:DIRECCION|lpm_shiftreg:LPM_SHIFTREG_component|dffs[3] ; Clock_registro ; Clock_registro ; 1.000        ; -0.073     ; 0.721      ;
; 0.206 ; registro7:DIRECCION|lpm_shiftreg:LPM_SHIFTREG_component|dffs[1] ; registro7:DIRECCION|lpm_shiftreg:LPM_SHIFTREG_component|dffs[2] ; Clock_registro ; Clock_registro ; 1.000        ; -0.073     ; 0.720      ;
; 0.207 ; registro7:DIRECCION|lpm_shiftreg:LPM_SHIFTREG_component|dffs[3] ; registro7:DIRECCION|lpm_shiftreg:LPM_SHIFTREG_component|dffs[4] ; Clock_registro ; Clock_registro ; 1.000        ; -0.073     ; 0.719      ;
; 0.209 ; registro7:DIRECCION|lpm_shiftreg:LPM_SHIFTREG_component|dffs[4] ; registro7:DIRECCION|lpm_shiftreg:LPM_SHIFTREG_component|dffs[5] ; Clock_registro ; Clock_registro ; 1.000        ; -0.073     ; 0.717      ;
+-------+-----------------------------------------------------------------+-----------------------------------------------------------------+----------------+----------------+--------------+------------+------------+


+---------------------------------------------------------------------------------------------------------------------------------------------------------------------------------------------------------------------------------------------------------------------------------+
; Slow 1200mV 0C Model Hold: 'SCL'                                                                                                                                                                                                                                                ;
+-------+------------------------------------------------------------------------------------------------+------------------------------------------------------------------------------------------------+----------------+-------------+--------------+------------+------------+
; Slack ; From Node                                                                                      ; To Node                                                                                        ; Launch Clock   ; Latch Clock ; Relationship ; Clock Skew ; Data Delay ;
+-------+------------------------------------------------------------------------------------------------+------------------------------------------------------------------------------------------------+----------------+-------------+--------------+------------+------------+
; 0.119 ; I2C_maquina_estado:inst|fstate.Oscioso                                                         ; I2C_maquina_estado:inst|fstate.Guardar_dir                                                     ; SCL            ; SCL         ; 0.000        ; 0.948      ; 1.238      ;
; 0.217 ; I2C_maquina_estado:inst|fstate.AC                                                              ; I2C_maquina_estado:inst|fstate.guardar_dato                                                    ; SCL            ; SCL         ; 0.000        ; 1.018      ; 1.406      ;
; 0.387 ; I2C_maquina_estado:inst|fstate.Guardar_dir                                                     ; I2C_maquina_estado:inst|fstate.Guardar_dir                                                     ; SCL            ; SCL         ; 0.000        ; 0.039      ; 0.597      ;
; 0.387 ; I2C_maquina_estado:inst|fstate.guardar_dato                                                    ; I2C_maquina_estado:inst|fstate.guardar_dato                                                    ; SCL            ; SCL         ; 0.000        ; 0.039      ; 0.597      ;
; 0.416 ; registro8:inst14|lpm_shiftreg:LPM_SHIFTREG_component|dffs[0]                                   ; registro8:inst14|lpm_shiftreg:LPM_SHIFTREG_component|dffs[1]                                   ; SCL            ; SCL         ; 0.000        ; 0.072      ; 0.659      ;
; 0.416 ; registro8:inst14|lpm_shiftreg:LPM_SHIFTREG_component|dffs[2]                                   ; registro8:inst14|lpm_shiftreg:LPM_SHIFTREG_component|dffs[3]                                   ; SCL            ; SCL         ; 0.000        ; 0.072      ; 0.659      ;
; 0.416 ; registro8:inst14|lpm_shiftreg:LPM_SHIFTREG_component|dffs[6]                                   ; registro8:inst14|lpm_shiftreg:LPM_SHIFTREG_component|dffs[7]                                   ; SCL            ; SCL         ; 0.000        ; 0.072      ; 0.659      ;
; 0.417 ; registro8:inst14|lpm_shiftreg:LPM_SHIFTREG_component|dffs[4]                                   ; registro8:inst14|lpm_shiftreg:LPM_SHIFTREG_component|dffs[5]                                   ; SCL            ; SCL         ; 0.000        ; 0.072      ; 0.660      ;
; 0.417 ; registro8:inst14|lpm_shiftreg:LPM_SHIFTREG_component|dffs[5]                                   ; registro8:inst14|lpm_shiftreg:LPM_SHIFTREG_component|dffs[6]                                   ; SCL            ; SCL         ; 0.000        ; 0.072      ; 0.660      ;
; 0.418 ; registro8:inst14|lpm_shiftreg:LPM_SHIFTREG_component|dffs[1]                                   ; registro8:inst14|lpm_shiftreg:LPM_SHIFTREG_component|dffs[2]                                   ; SCL            ; SCL         ; 0.000        ; 0.072      ; 0.661      ;
; 0.418 ; registro8:inst14|lpm_shiftreg:LPM_SHIFTREG_component|dffs[3]                                   ; registro8:inst14|lpm_shiftreg:LPM_SHIFTREG_component|dffs[4]                                   ; SCL            ; SCL         ; 0.000        ; 0.072      ; 0.661      ;
; 0.422 ; registro7:inst13|lpm_shiftreg:LPM_SHIFTREG_component|dffs[2]                                   ; registro7:inst13|lpm_shiftreg:LPM_SHIFTREG_component|dffs[3]                                   ; SCL            ; SCL         ; 0.000        ; 0.073      ; 0.666      ;
; 0.582 ; I2C_maquina_estado:inst|fstate.R_W                                                             ; I2C_maquina_estado:inst|fstate.AC                                                              ; SCL            ; SCL         ; 0.000        ; 0.073      ; 0.826      ;
; 0.599 ; contador_8:inst12|lpm_counter:LPM_COUNTER_component|cntr_5vj:auto_generated|counter_reg_bit[3] ; contador_8:inst12|lpm_counter:LPM_COUNTER_component|cntr_5vj:auto_generated|counter_reg_bit[3] ; SCL            ; SCL         ; 0.000        ; 0.072      ; 0.842      ;
; 0.600 ; contador7:inst4|lpm_counter:LPM_COUNTER_component|cntr_tki:auto_generated|counter_reg_bit[1]   ; contador7:inst4|lpm_counter:LPM_COUNTER_component|cntr_tki:auto_generated|counter_reg_bit[1]   ; SCL            ; SCL         ; 0.000        ; 0.073      ; 0.844      ;
; 0.602 ; contador7:inst4|lpm_counter:LPM_COUNTER_component|cntr_tki:auto_generated|counter_reg_bit[2]   ; contador7:inst4|lpm_counter:LPM_COUNTER_component|cntr_tki:auto_generated|counter_reg_bit[2]   ; SCL            ; SCL         ; 0.000        ; 0.073      ; 0.846      ;
; 0.605 ; contador_8:inst12|lpm_counter:LPM_COUNTER_component|cntr_5vj:auto_generated|counter_reg_bit[2] ; contador_8:inst12|lpm_counter:LPM_COUNTER_component|cntr_5vj:auto_generated|counter_reg_bit[2] ; SCL            ; SCL         ; 0.000        ; 0.072      ; 0.848      ;
; 0.610 ; contador_8:inst12|lpm_counter:LPM_COUNTER_component|cntr_5vj:auto_generated|counter_reg_bit[1] ; contador_8:inst12|lpm_counter:LPM_COUNTER_component|cntr_5vj:auto_generated|counter_reg_bit[1] ; SCL            ; SCL         ; 0.000        ; 0.072      ; 0.853      ;
; 0.622 ; contador7:inst4|lpm_counter:LPM_COUNTER_component|cntr_tki:auto_generated|counter_reg_bit[0]   ; contador7:inst4|lpm_counter:LPM_COUNTER_component|cntr_tki:auto_generated|counter_reg_bit[0]   ; SCL            ; SCL         ; 0.000        ; 0.073      ; 0.866      ;
; 0.626 ; contador_8:inst12|lpm_counter:LPM_COUNTER_component|cntr_5vj:auto_generated|counter_reg_bit[0] ; contador_8:inst12|lpm_counter:LPM_COUNTER_component|cntr_5vj:auto_generated|counter_reg_bit[0] ; SCL            ; SCL         ; 0.000        ; 0.072      ; 0.869      ;
; 0.685 ; registro7:inst13|lpm_shiftreg:LPM_SHIFTREG_component|dffs[1]                                   ; registro7:inst13|lpm_shiftreg:LPM_SHIFTREG_component|dffs[2]                                   ; SCL            ; SCL         ; 0.000        ; 0.073      ; 0.929      ;
; 0.690 ; registro7:inst13|lpm_shiftreg:LPM_SHIFTREG_component|dffs[3]                                   ; registro7:inst13|lpm_shiftreg:LPM_SHIFTREG_component|dffs[4]                                   ; SCL            ; SCL         ; 0.000        ; 0.073      ; 0.934      ;
; 0.768 ; registro7:inst13|lpm_shiftreg:LPM_SHIFTREG_component|dffs[4]                                   ; registro7:inst13|lpm_shiftreg:LPM_SHIFTREG_component|dffs[5]                                   ; SCL            ; SCL         ; 0.000        ; 0.073      ; 1.012      ;
; 0.887 ; contador7:inst4|lpm_counter:LPM_COUNTER_component|cntr_tki:auto_generated|counter_reg_bit[1]   ; contador7:inst4|lpm_counter:LPM_COUNTER_component|cntr_tki:auto_generated|counter_reg_bit[2]   ; SCL            ; SCL         ; 0.000        ; 0.073      ; 1.131      ;
; 0.889 ; contador7:inst4|lpm_counter:LPM_COUNTER_component|cntr_tki:auto_generated|counter_reg_bit[0]   ; contador7:inst4|lpm_counter:LPM_COUNTER_component|cntr_tki:auto_generated|counter_reg_bit[1]   ; SCL            ; SCL         ; 0.000        ; 0.073      ; 1.133      ;
; 0.893 ; contador_8:inst12|lpm_counter:LPM_COUNTER_component|cntr_5vj:auto_generated|counter_reg_bit[2] ; contador_8:inst12|lpm_counter:LPM_COUNTER_component|cntr_5vj:auto_generated|counter_reg_bit[3] ; SCL            ; SCL         ; 0.000        ; 0.072      ; 1.136      ;
; 0.893 ; contador_8:inst12|lpm_counter:LPM_COUNTER_component|cntr_5vj:auto_generated|counter_reg_bit[0] ; contador_8:inst12|lpm_counter:LPM_COUNTER_component|cntr_5vj:auto_generated|counter_reg_bit[1] ; SCL            ; SCL         ; 0.000        ; 0.072      ; 1.136      ;
; 0.897 ; contador_8:inst12|lpm_counter:LPM_COUNTER_component|cntr_5vj:auto_generated|counter_reg_bit[1] ; contador_8:inst12|lpm_counter:LPM_COUNTER_component|cntr_5vj:auto_generated|counter_reg_bit[2] ; SCL            ; SCL         ; 0.000        ; 0.072      ; 1.140      ;
; 0.900 ; contador7:inst4|lpm_counter:LPM_COUNTER_component|cntr_tki:auto_generated|counter_reg_bit[0]   ; contador7:inst4|lpm_counter:LPM_COUNTER_component|cntr_tki:auto_generated|counter_reg_bit[2]   ; SCL            ; SCL         ; 0.000        ; 0.073      ; 1.144      ;
; 0.904 ; contador_8:inst12|lpm_counter:LPM_COUNTER_component|cntr_5vj:auto_generated|counter_reg_bit[0] ; contador_8:inst12|lpm_counter:LPM_COUNTER_component|cntr_5vj:auto_generated|counter_reg_bit[2] ; SCL            ; SCL         ; 0.000        ; 0.072      ; 1.147      ;
; 0.927 ; registro7:inst13|lpm_shiftreg:LPM_SHIFTREG_component|dffs[0]                                   ; registro7:inst13|lpm_shiftreg:LPM_SHIFTREG_component|dffs[1]                                   ; SCL            ; SCL         ; 0.000        ; 0.073      ; 1.171      ;
; 0.948 ; registro7:inst13|lpm_shiftreg:LPM_SHIFTREG_component|dffs[5]                                   ; registro7:inst13|lpm_shiftreg:LPM_SHIFTREG_component|dffs[6]                                   ; SCL            ; SCL         ; 0.000        ; 0.073      ; 1.192      ;
; 0.996 ; contador_8:inst12|lpm_counter:LPM_COUNTER_component|cntr_5vj:auto_generated|counter_reg_bit[1] ; contador_8:inst12|lpm_counter:LPM_COUNTER_component|cntr_5vj:auto_generated|counter_reg_bit[3] ; SCL            ; SCL         ; 0.000        ; 0.072      ; 1.239      ;
; 1.003 ; contador_8:inst12|lpm_counter:LPM_COUNTER_component|cntr_5vj:auto_generated|counter_reg_bit[0] ; contador_8:inst12|lpm_counter:LPM_COUNTER_component|cntr_5vj:auto_generated|counter_reg_bit[3] ; SCL            ; SCL         ; 0.000        ; 0.072      ; 1.246      ;
; 1.014 ; registro7:DIRECCION|lpm_shiftreg:LPM_SHIFTREG_component|dffs[2]                                ; I2C_maquina_estado:inst|fstate.R_W                                                             ; Clock_registro ; SCL         ; 0.000        ; 0.103      ; 1.328      ;
; 1.088 ; registro7:DIRECCION|lpm_shiftreg:LPM_SHIFTREG_component|dffs[6]                                ; I2C_maquina_estado:inst|fstate.R_W                                                             ; Clock_registro ; SCL         ; 0.000        ; 0.103      ; 1.402      ;
; 1.112 ; registro7:DIRECCION|lpm_shiftreg:LPM_SHIFTREG_component|dffs[3]                                ; I2C_maquina_estado:inst|fstate.R_W                                                             ; Clock_registro ; SCL         ; 0.000        ; 0.103      ; 1.426      ;
; 1.117 ; registro7:DIRECCION|lpm_shiftreg:LPM_SHIFTREG_component|dffs[3]                                ; I2C_maquina_estado:inst|fstate.Oscioso                                                         ; Clock_registro ; SCL         ; 0.000        ; 0.103      ; 1.431      ;
; 1.119 ; registro7:DIRECCION|lpm_shiftreg:LPM_SHIFTREG_component|dffs[4]                                ; I2C_maquina_estado:inst|fstate.R_W                                                             ; Clock_registro ; SCL         ; 0.000        ; 0.103      ; 1.433      ;
; 1.182 ; registro7:DIRECCION|lpm_shiftreg:LPM_SHIFTREG_component|dffs[1]                                ; I2C_maquina_estado:inst|fstate.R_W                                                             ; Clock_registro ; SCL         ; 0.000        ; 0.103      ; 1.496      ;
; 1.254 ; registro7:DIRECCION|lpm_shiftreg:LPM_SHIFTREG_component|dffs[5]                                ; I2C_maquina_estado:inst|fstate.R_W                                                             ; Clock_registro ; SCL         ; 0.000        ; 0.103      ; 1.568      ;
; 1.257 ; registro7:DIRECCION|lpm_shiftreg:LPM_SHIFTREG_component|dffs[1]                                ; I2C_maquina_estado:inst|fstate.Oscioso                                                         ; Clock_registro ; SCL         ; 0.000        ; 0.103      ; 1.571      ;
; 1.361 ; registro7:DIRECCION|lpm_shiftreg:LPM_SHIFTREG_component|dffs[6]                                ; I2C_maquina_estado:inst|fstate.Oscioso                                                         ; Clock_registro ; SCL         ; 0.000        ; 0.103      ; 1.675      ;
; 1.392 ; registro7:DIRECCION|lpm_shiftreg:LPM_SHIFTREG_component|dffs[4]                                ; I2C_maquina_estado:inst|fstate.Oscioso                                                         ; Clock_registro ; SCL         ; 0.000        ; 0.103      ; 1.706      ;
; 1.397 ; registro7:DIRECCION|lpm_shiftreg:LPM_SHIFTREG_component|dffs[2]                                ; I2C_maquina_estado:inst|fstate.Oscioso                                                         ; Clock_registro ; SCL         ; 0.000        ; 0.103      ; 1.711      ;
; 1.402 ; registro7:DIRECCION|lpm_shiftreg:LPM_SHIFTREG_component|dffs[0]                                ; I2C_maquina_estado:inst|fstate.R_W                                                             ; Clock_registro ; SCL         ; 0.000        ; 0.103      ; 1.716      ;
; 1.407 ; registro7:DIRECCION|lpm_shiftreg:LPM_SHIFTREG_component|dffs[0]                                ; I2C_maquina_estado:inst|fstate.Oscioso                                                         ; Clock_registro ; SCL         ; 0.000        ; 0.103      ; 1.721      ;
; 1.607 ; registro7:DIRECCION|lpm_shiftreg:LPM_SHIFTREG_component|dffs[5]                                ; I2C_maquina_estado:inst|fstate.Oscioso                                                         ; Clock_registro ; SCL         ; 0.000        ; 0.103      ; 1.921      ;
; 1.855 ; contador_8:inst12|lpm_counter:LPM_COUNTER_component|cntr_5vj:auto_generated|counter_reg_bit[3] ; contador_8:inst12|lpm_counter:LPM_COUNTER_component|cntr_5vj:auto_generated|counter_reg_bit[0] ; SCL            ; SCL         ; 0.000        ; 0.072      ; 2.098      ;
; 1.855 ; contador_8:inst12|lpm_counter:LPM_COUNTER_component|cntr_5vj:auto_generated|counter_reg_bit[3] ; contador_8:inst12|lpm_counter:LPM_COUNTER_component|cntr_5vj:auto_generated|counter_reg_bit[1] ; SCL            ; SCL         ; 0.000        ; 0.072      ; 2.098      ;
; 1.855 ; contador_8:inst12|lpm_counter:LPM_COUNTER_component|cntr_5vj:auto_generated|counter_reg_bit[3] ; contador_8:inst12|lpm_counter:LPM_COUNTER_component|cntr_5vj:auto_generated|counter_reg_bit[2] ; SCL            ; SCL         ; 0.000        ; 0.072      ; 2.098      ;
; 1.955 ; contador_8:inst12|lpm_counter:LPM_COUNTER_component|cntr_5vj:auto_generated|counter_reg_bit[2] ; contador_8:inst12|lpm_counter:LPM_COUNTER_component|cntr_5vj:auto_generated|counter_reg_bit[0] ; SCL            ; SCL         ; 0.000        ; 0.072      ; 2.198      ;
; 1.955 ; contador_8:inst12|lpm_counter:LPM_COUNTER_component|cntr_5vj:auto_generated|counter_reg_bit[2] ; contador_8:inst12|lpm_counter:LPM_COUNTER_component|cntr_5vj:auto_generated|counter_reg_bit[1] ; SCL            ; SCL         ; 0.000        ; 0.072      ; 2.198      ;
; 1.957 ; contador_8:inst12|lpm_counter:LPM_COUNTER_component|cntr_5vj:auto_generated|counter_reg_bit[1] ; contador_8:inst12|lpm_counter:LPM_COUNTER_component|cntr_5vj:auto_generated|counter_reg_bit[0] ; SCL            ; SCL         ; 0.000        ; 0.072      ; 2.200      ;
; 2.031 ; I2C_maquina_estado:inst|fstate.guardar_dato                                                    ; I2C_maquina_estado:inst|fstate.Oscioso                                                         ; SCL            ; SCL         ; 0.000        ; -0.779     ; 1.423      ;
; 2.154 ; I2C_maquina_estado:inst|fstate.Oscioso                                                         ; I2C_maquina_estado:inst|fstate.Oscioso                                                         ; SCL            ; SCL         ; 0.000        ; 0.073      ; 2.398      ;
; 2.215 ; I2C_maquina_estado:inst|fstate.Guardar_dir                                                     ; I2C_maquina_estado:inst|fstate.Oscioso                                                         ; SCL            ; SCL         ; 0.000        ; -0.711     ; 1.675      ;
; 2.254 ; I2C_maquina_estado:inst|fstate.Guardar_dir                                                     ; I2C_maquina_estado:inst|fstate.R_W                                                             ; SCL            ; SCL         ; 0.000        ; -0.711     ; 1.714      ;
; 3.569 ; contador_8:inst12|lpm_counter:LPM_COUNTER_component|cntr_5vj:auto_generated|counter_reg_bit[3] ; I2C_maquina_estado:inst|fstate.guardar_dato                                                    ; SCL            ; SCL         ; 0.000        ; -2.067     ; 1.673      ;
; 3.588 ; contador_8:inst12|lpm_counter:LPM_COUNTER_component|cntr_5vj:auto_generated|counter_reg_bit[2] ; I2C_maquina_estado:inst|fstate.guardar_dato                                                    ; SCL            ; SCL         ; 0.000        ; -2.067     ; 1.692      ;
; 3.691 ; contador_8:inst12|lpm_counter:LPM_COUNTER_component|cntr_5vj:auto_generated|counter_reg_bit[1] ; I2C_maquina_estado:inst|fstate.guardar_dato                                                    ; SCL            ; SCL         ; 0.000        ; -2.067     ; 1.795      ;
; 3.698 ; contador_8:inst12|lpm_counter:LPM_COUNTER_component|cntr_5vj:auto_generated|counter_reg_bit[0] ; I2C_maquina_estado:inst|fstate.guardar_dato                                                    ; SCL            ; SCL         ; 0.000        ; -2.067     ; 1.802      ;
; 3.871 ; contador7:inst4|lpm_counter:LPM_COUNTER_component|cntr_tki:auto_generated|counter_reg_bit[2]   ; I2C_maquina_estado:inst|fstate.Guardar_dir                                                     ; SCL            ; SCL         ; 0.000        ; -2.118     ; 1.924      ;
; 3.956 ; contador7:inst4|lpm_counter:LPM_COUNTER_component|cntr_tki:auto_generated|counter_reg_bit[1]   ; I2C_maquina_estado:inst|fstate.Guardar_dir                                                     ; SCL            ; SCL         ; 0.000        ; -2.118     ; 2.009      ;
; 3.980 ; contador7:inst4|lpm_counter:LPM_COUNTER_component|cntr_tki:auto_generated|counter_reg_bit[0]   ; I2C_maquina_estado:inst|fstate.Guardar_dir                                                     ; SCL            ; SCL         ; 0.000        ; -2.118     ; 2.033      ;
; 4.100 ; registro7:inst13|lpm_shiftreg:LPM_SHIFTREG_component|dffs[5]                                   ; I2C_maquina_estado:inst|fstate.R_W                                                             ; SCL            ; SCL         ; 0.000        ; -2.976     ; 1.295      ;
; 4.379 ; registro7:inst13|lpm_shiftreg:LPM_SHIFTREG_component|dffs[2]                                   ; I2C_maquina_estado:inst|fstate.R_W                                                             ; SCL            ; SCL         ; 0.000        ; -2.976     ; 1.574      ;
; 4.478 ; registro7:inst13|lpm_shiftreg:LPM_SHIFTREG_component|dffs[4]                                   ; I2C_maquina_estado:inst|fstate.R_W                                                             ; SCL            ; SCL         ; 0.000        ; -2.976     ; 1.673      ;
; 4.483 ; registro7:inst13|lpm_shiftreg:LPM_SHIFTREG_component|dffs[5]                                   ; I2C_maquina_estado:inst|fstate.Oscioso                                                         ; SCL            ; SCL         ; 0.000        ; -2.976     ; 1.678      ;
; 4.631 ; registro7:inst13|lpm_shiftreg:LPM_SHIFTREG_component|dffs[3]                                   ; I2C_maquina_estado:inst|fstate.R_W                                                             ; SCL            ; SCL         ; 0.000        ; -2.976     ; 1.826      ;
; 4.636 ; registro7:inst13|lpm_shiftreg:LPM_SHIFTREG_component|dffs[6]                                   ; I2C_maquina_estado:inst|fstate.R_W                                                             ; SCL            ; SCL         ; 0.000        ; -2.976     ; 1.831      ;
; 4.636 ; registro7:inst13|lpm_shiftreg:LPM_SHIFTREG_component|dffs[3]                                   ; I2C_maquina_estado:inst|fstate.Oscioso                                                         ; SCL            ; SCL         ; 0.000        ; -2.976     ; 1.831      ;
; 4.699 ; registro7:inst13|lpm_shiftreg:LPM_SHIFTREG_component|dffs[1]                                   ; I2C_maquina_estado:inst|fstate.R_W                                                             ; SCL            ; SCL         ; 0.000        ; -2.976     ; 1.894      ;
; 4.707 ; contador7:inst4|lpm_counter:LPM_COUNTER_component|cntr_tki:auto_generated|counter_reg_bit[2]   ; I2C_maquina_estado:inst|fstate.Oscioso                                                         ; SCL            ; SCL         ; 0.000        ; -2.965     ; 1.913      ;
; 4.751 ; registro7:inst13|lpm_shiftreg:LPM_SHIFTREG_component|dffs[4]                                   ; I2C_maquina_estado:inst|fstate.Oscioso                                                         ; SCL            ; SCL         ; 0.000        ; -2.976     ; 1.946      ;
; 4.762 ; registro7:inst13|lpm_shiftreg:LPM_SHIFTREG_component|dffs[2]                                   ; I2C_maquina_estado:inst|fstate.Oscioso                                                         ; SCL            ; SCL         ; 0.000        ; -2.976     ; 1.957      ;
; 4.774 ; registro7:inst13|lpm_shiftreg:LPM_SHIFTREG_component|dffs[1]                                   ; I2C_maquina_estado:inst|fstate.Oscioso                                                         ; SCL            ; SCL         ; 0.000        ; -2.976     ; 1.969      ;
; 4.803 ; contador7:inst4|lpm_counter:LPM_COUNTER_component|cntr_tki:auto_generated|counter_reg_bit[1]   ; I2C_maquina_estado:inst|fstate.Oscioso                                                         ; SCL            ; SCL         ; 0.000        ; -2.965     ; 2.009      ;
; 4.816 ; contador7:inst4|lpm_counter:LPM_COUNTER_component|cntr_tki:auto_generated|counter_reg_bit[0]   ; I2C_maquina_estado:inst|fstate.Oscioso                                                         ; SCL            ; SCL         ; 0.000        ; -2.965     ; 2.022      ;
; 4.863 ; contador_8:inst12|lpm_counter:LPM_COUNTER_component|cntr_5vj:auto_generated|counter_reg_bit[3] ; I2C_maquina_estado:inst|fstate.Oscioso                                                         ; SCL            ; SCL         ; 0.000        ; -2.984     ; 2.050      ;
; 4.883 ; registro7:inst13|lpm_shiftreg:LPM_SHIFTREG_component|dffs[6]                                   ; I2C_maquina_estado:inst|fstate.Oscioso                                                         ; SCL            ; SCL         ; 0.000        ; -2.976     ; 2.078      ;
; 4.913 ; contador7:inst4|lpm_counter:LPM_COUNTER_component|cntr_tki:auto_generated|counter_reg_bit[2]   ; I2C_maquina_estado:inst|fstate.R_W                                                             ; SCL            ; SCL         ; 0.000        ; -2.965     ; 2.119      ;
; 4.934 ; contador_8:inst12|lpm_counter:LPM_COUNTER_component|cntr_5vj:auto_generated|counter_reg_bit[1] ; I2C_maquina_estado:inst|fstate.Oscioso                                                         ; SCL            ; SCL         ; 0.000        ; -2.984     ; 2.121      ;
; 4.937 ; contador_8:inst12|lpm_counter:LPM_COUNTER_component|cntr_5vj:auto_generated|counter_reg_bit[2] ; I2C_maquina_estado:inst|fstate.Oscioso                                                         ; SCL            ; SCL         ; 0.000        ; -2.984     ; 2.124      ;
; 4.979 ; contador_8:inst12|lpm_counter:LPM_COUNTER_component|cntr_5vj:auto_generated|counter_reg_bit[0] ; I2C_maquina_estado:inst|fstate.Oscioso                                                         ; SCL            ; SCL         ; 0.000        ; -2.984     ; 2.166      ;
; 4.998 ; contador7:inst4|lpm_counter:LPM_COUNTER_component|cntr_tki:auto_generated|counter_reg_bit[1]   ; I2C_maquina_estado:inst|fstate.R_W                                                             ; SCL            ; SCL         ; 0.000        ; -2.965     ; 2.204      ;
; 5.000 ; registro7:inst13|lpm_shiftreg:LPM_SHIFTREG_component|dffs[0]                                   ; I2C_maquina_estado:inst|fstate.R_W                                                             ; SCL            ; SCL         ; 0.000        ; -2.976     ; 2.195      ;
; 5.005 ; registro7:inst13|lpm_shiftreg:LPM_SHIFTREG_component|dffs[0]                                   ; I2C_maquina_estado:inst|fstate.Oscioso                                                         ; SCL            ; SCL         ; 0.000        ; -2.976     ; 2.200      ;
; 5.022 ; contador7:inst4|lpm_counter:LPM_COUNTER_component|cntr_tki:auto_generated|counter_reg_bit[0]   ; I2C_maquina_estado:inst|fstate.R_W                                                             ; SCL            ; SCL         ; 0.000        ; -2.965     ; 2.228      ;
+-------+------------------------------------------------------------------------------------------------+------------------------------------------------------------------------------------------------+----------------+-------------+--------------+------------+------------+


+----------------------------------------------------------------------------------------------------------------------------------------------------------------------------------------------------------------------+
; Slow 1200mV 0C Model Hold: 'Clock_registro'                                                                                                                                                                          ;
+-------+-----------------------------------------------------------------+-----------------------------------------------------------------+----------------+----------------+--------------+------------+------------+
; Slack ; From Node                                                       ; To Node                                                         ; Launch Clock   ; Latch Clock    ; Relationship ; Clock Skew ; Data Delay ;
+-------+-----------------------------------------------------------------+-----------------------------------------------------------------+----------------+----------------+--------------+------------+------------+
; 0.401 ; registro7:DIRECCION|lpm_shiftreg:LPM_SHIFTREG_component|dffs[1] ; registro7:DIRECCION|lpm_shiftreg:LPM_SHIFTREG_component|dffs[2] ; Clock_registro ; Clock_registro ; 0.000        ; 0.073      ; 0.645      ;
; 0.402 ; registro7:DIRECCION|lpm_shiftreg:LPM_SHIFTREG_component|dffs[3] ; registro7:DIRECCION|lpm_shiftreg:LPM_SHIFTREG_component|dffs[4] ; Clock_registro ; Clock_registro ; 0.000        ; 0.073      ; 0.646      ;
; 0.402 ; registro7:DIRECCION|lpm_shiftreg:LPM_SHIFTREG_component|dffs[4] ; registro7:DIRECCION|lpm_shiftreg:LPM_SHIFTREG_component|dffs[5] ; Clock_registro ; Clock_registro ; 0.000        ; 0.073      ; 0.646      ;
; 0.403 ; registro7:DIRECCION|lpm_shiftreg:LPM_SHIFTREG_component|dffs[2] ; registro7:DIRECCION|lpm_shiftreg:LPM_SHIFTREG_component|dffs[3] ; Clock_registro ; Clock_registro ; 0.000        ; 0.073      ; 0.647      ;
; 0.417 ; registro7:DIRECCION|lpm_shiftreg:LPM_SHIFTREG_component|dffs[0] ; registro7:DIRECCION|lpm_shiftreg:LPM_SHIFTREG_component|dffs[1] ; Clock_registro ; Clock_registro ; 0.000        ; 0.073      ; 0.661      ;
; 0.558 ; registro7:DIRECCION|lpm_shiftreg:LPM_SHIFTREG_component|dffs[5] ; registro7:DIRECCION|lpm_shiftreg:LPM_SHIFTREG_component|dffs[6] ; Clock_registro ; Clock_registro ; 0.000        ; 0.073      ; 0.802      ;
+-------+-----------------------------------------------------------------+-----------------------------------------------------------------+----------------+----------------+--------------+------------+------------+


+---------------------------------------------------------------------------------------------------------------------------------------------------------------------------------+
; Slow 1200mV 0C Model Minimum Pulse Width: 'SCL'                                                                                                                                 ;
+--------+--------------+----------------+------------------+-------+------------+------------------------------------------------------------------------------------------------+
; Slack  ; Actual Width ; Required Width ; Type             ; Clock ; Clock Edge ; Target                                                                                         ;
+--------+--------------+----------------+------------------+-------+------------+------------------------------------------------------------------------------------------------+
; -3.000 ; 1.000        ; 4.000          ; Port Rate        ; SCL   ; Rise       ; SCL                                                                                            ;
; -1.285 ; 1.000        ; 2.285          ; Min Period       ; SCL   ; Rise       ; I2C_maquina_estado:inst|fstate.AC                                                              ;
; -1.285 ; 1.000        ; 2.285          ; Min Period       ; SCL   ; Rise       ; I2C_maquina_estado:inst|fstate.Guardar_dir                                                     ;
; -1.285 ; 1.000        ; 2.285          ; Min Period       ; SCL   ; Rise       ; I2C_maquina_estado:inst|fstate.Oscioso                                                         ;
; -1.285 ; 1.000        ; 2.285          ; Min Period       ; SCL   ; Rise       ; I2C_maquina_estado:inst|fstate.R_W                                                             ;
; -1.285 ; 1.000        ; 2.285          ; Min Period       ; SCL   ; Rise       ; I2C_maquina_estado:inst|fstate.guardar_dato                                                    ;
; -1.285 ; 1.000        ; 2.285          ; Min Period       ; SCL   ; Rise       ; contador7:inst4|lpm_counter:LPM_COUNTER_component|cntr_tki:auto_generated|counter_reg_bit[0]   ;
; -1.285 ; 1.000        ; 2.285          ; Min Period       ; SCL   ; Rise       ; contador7:inst4|lpm_counter:LPM_COUNTER_component|cntr_tki:auto_generated|counter_reg_bit[1]   ;
; -1.285 ; 1.000        ; 2.285          ; Min Period       ; SCL   ; Rise       ; contador7:inst4|lpm_counter:LPM_COUNTER_component|cntr_tki:auto_generated|counter_reg_bit[2]   ;
; -1.285 ; 1.000        ; 2.285          ; Min Period       ; SCL   ; Rise       ; contador_8:inst12|lpm_counter:LPM_COUNTER_component|cntr_5vj:auto_generated|counter_reg_bit[0] ;
; -1.285 ; 1.000        ; 2.285          ; Min Period       ; SCL   ; Rise       ; contador_8:inst12|lpm_counter:LPM_COUNTER_component|cntr_5vj:auto_generated|counter_reg_bit[1] ;
; -1.285 ; 1.000        ; 2.285          ; Min Period       ; SCL   ; Rise       ; contador_8:inst12|lpm_counter:LPM_COUNTER_component|cntr_5vj:auto_generated|counter_reg_bit[2] ;
; -1.285 ; 1.000        ; 2.285          ; Min Period       ; SCL   ; Rise       ; contador_8:inst12|lpm_counter:LPM_COUNTER_component|cntr_5vj:auto_generated|counter_reg_bit[3] ;
; -1.285 ; 1.000        ; 2.285          ; Min Period       ; SCL   ; Rise       ; registro7:inst13|lpm_shiftreg:LPM_SHIFTREG_component|dffs[0]                                   ;
; -1.285 ; 1.000        ; 2.285          ; Min Period       ; SCL   ; Rise       ; registro7:inst13|lpm_shiftreg:LPM_SHIFTREG_component|dffs[1]                                   ;
; -1.285 ; 1.000        ; 2.285          ; Min Period       ; SCL   ; Rise       ; registro7:inst13|lpm_shiftreg:LPM_SHIFTREG_component|dffs[2]                                   ;
; -1.285 ; 1.000        ; 2.285          ; Min Period       ; SCL   ; Rise       ; registro7:inst13|lpm_shiftreg:LPM_SHIFTREG_component|dffs[3]                                   ;
; -1.285 ; 1.000        ; 2.285          ; Min Period       ; SCL   ; Rise       ; registro7:inst13|lpm_shiftreg:LPM_SHIFTREG_component|dffs[4]                                   ;
; -1.285 ; 1.000        ; 2.285          ; Min Period       ; SCL   ; Rise       ; registro7:inst13|lpm_shiftreg:LPM_SHIFTREG_component|dffs[5]                                   ;
; -1.285 ; 1.000        ; 2.285          ; Min Period       ; SCL   ; Rise       ; registro7:inst13|lpm_shiftreg:LPM_SHIFTREG_component|dffs[6]                                   ;
; -1.285 ; 1.000        ; 2.285          ; Min Period       ; SCL   ; Rise       ; registro8:inst14|lpm_shiftreg:LPM_SHIFTREG_component|dffs[0]                                   ;
; -1.285 ; 1.000        ; 2.285          ; Min Period       ; SCL   ; Rise       ; registro8:inst14|lpm_shiftreg:LPM_SHIFTREG_component|dffs[1]                                   ;
; -1.285 ; 1.000        ; 2.285          ; Min Period       ; SCL   ; Rise       ; registro8:inst14|lpm_shiftreg:LPM_SHIFTREG_component|dffs[2]                                   ;
; -1.285 ; 1.000        ; 2.285          ; Min Period       ; SCL   ; Rise       ; registro8:inst14|lpm_shiftreg:LPM_SHIFTREG_component|dffs[3]                                   ;
; -1.285 ; 1.000        ; 2.285          ; Min Period       ; SCL   ; Rise       ; registro8:inst14|lpm_shiftreg:LPM_SHIFTREG_component|dffs[4]                                   ;
; -1.285 ; 1.000        ; 2.285          ; Min Period       ; SCL   ; Rise       ; registro8:inst14|lpm_shiftreg:LPM_SHIFTREG_component|dffs[5]                                   ;
; -1.285 ; 1.000        ; 2.285          ; Min Period       ; SCL   ; Rise       ; registro8:inst14|lpm_shiftreg:LPM_SHIFTREG_component|dffs[6]                                   ;
; -1.285 ; 1.000        ; 2.285          ; Min Period       ; SCL   ; Rise       ; registro8:inst14|lpm_shiftreg:LPM_SHIFTREG_component|dffs[7]                                   ;
; 0.209  ; 0.395        ; 0.186          ; Low Pulse Width  ; SCL   ; Rise       ; I2C_maquina_estado:inst|fstate.Guardar_dir                                                     ;
; 0.230  ; 0.416        ; 0.186          ; Low Pulse Width  ; SCL   ; Rise       ; I2C_maquina_estado:inst|fstate.guardar_dato                                                    ;
; 0.241  ; 0.427        ; 0.186          ; Low Pulse Width  ; SCL   ; Rise       ; contador7:inst4|lpm_counter:LPM_COUNTER_component|cntr_tki:auto_generated|counter_reg_bit[0]   ;
; 0.241  ; 0.427        ; 0.186          ; Low Pulse Width  ; SCL   ; Rise       ; contador7:inst4|lpm_counter:LPM_COUNTER_component|cntr_tki:auto_generated|counter_reg_bit[1]   ;
; 0.241  ; 0.427        ; 0.186          ; Low Pulse Width  ; SCL   ; Rise       ; contador7:inst4|lpm_counter:LPM_COUNTER_component|cntr_tki:auto_generated|counter_reg_bit[2]   ;
; 0.241  ; 0.427        ; 0.186          ; Low Pulse Width  ; SCL   ; Rise       ; registro7:inst13|lpm_shiftreg:LPM_SHIFTREG_component|dffs[0]                                   ;
; 0.241  ; 0.427        ; 0.186          ; Low Pulse Width  ; SCL   ; Rise       ; registro7:inst13|lpm_shiftreg:LPM_SHIFTREG_component|dffs[1]                                   ;
; 0.241  ; 0.427        ; 0.186          ; Low Pulse Width  ; SCL   ; Rise       ; registro7:inst13|lpm_shiftreg:LPM_SHIFTREG_component|dffs[2]                                   ;
; 0.241  ; 0.427        ; 0.186          ; Low Pulse Width  ; SCL   ; Rise       ; registro7:inst13|lpm_shiftreg:LPM_SHIFTREG_component|dffs[3]                                   ;
; 0.241  ; 0.427        ; 0.186          ; Low Pulse Width  ; SCL   ; Rise       ; registro7:inst13|lpm_shiftreg:LPM_SHIFTREG_component|dffs[4]                                   ;
; 0.241  ; 0.427        ; 0.186          ; Low Pulse Width  ; SCL   ; Rise       ; registro7:inst13|lpm_shiftreg:LPM_SHIFTREG_component|dffs[5]                                   ;
; 0.241  ; 0.427        ; 0.186          ; Low Pulse Width  ; SCL   ; Rise       ; registro7:inst13|lpm_shiftreg:LPM_SHIFTREG_component|dffs[6]                                   ;
; 0.259  ; 0.445        ; 0.186          ; Low Pulse Width  ; SCL   ; Rise       ; I2C_maquina_estado:inst|fstate.AC                                                              ;
; 0.259  ; 0.445        ; 0.186          ; Low Pulse Width  ; SCL   ; Rise       ; I2C_maquina_estado:inst|fstate.Oscioso                                                         ;
; 0.259  ; 0.445        ; 0.186          ; Low Pulse Width  ; SCL   ; Rise       ; I2C_maquina_estado:inst|fstate.R_W                                                             ;
; 0.282  ; 0.468        ; 0.186          ; Low Pulse Width  ; SCL   ; Rise       ; contador_8:inst12|lpm_counter:LPM_COUNTER_component|cntr_5vj:auto_generated|counter_reg_bit[0] ;
; 0.282  ; 0.468        ; 0.186          ; Low Pulse Width  ; SCL   ; Rise       ; contador_8:inst12|lpm_counter:LPM_COUNTER_component|cntr_5vj:auto_generated|counter_reg_bit[1] ;
; 0.282  ; 0.468        ; 0.186          ; Low Pulse Width  ; SCL   ; Rise       ; contador_8:inst12|lpm_counter:LPM_COUNTER_component|cntr_5vj:auto_generated|counter_reg_bit[2] ;
; 0.282  ; 0.468        ; 0.186          ; Low Pulse Width  ; SCL   ; Rise       ; contador_8:inst12|lpm_counter:LPM_COUNTER_component|cntr_5vj:auto_generated|counter_reg_bit[3] ;
; 0.283  ; 0.469        ; 0.186          ; Low Pulse Width  ; SCL   ; Rise       ; registro8:inst14|lpm_shiftreg:LPM_SHIFTREG_component|dffs[0]                                   ;
; 0.283  ; 0.469        ; 0.186          ; Low Pulse Width  ; SCL   ; Rise       ; registro8:inst14|lpm_shiftreg:LPM_SHIFTREG_component|dffs[1]                                   ;
; 0.283  ; 0.469        ; 0.186          ; Low Pulse Width  ; SCL   ; Rise       ; registro8:inst14|lpm_shiftreg:LPM_SHIFTREG_component|dffs[2]                                   ;
; 0.283  ; 0.469        ; 0.186          ; Low Pulse Width  ; SCL   ; Rise       ; registro8:inst14|lpm_shiftreg:LPM_SHIFTREG_component|dffs[3]                                   ;
; 0.283  ; 0.469        ; 0.186          ; Low Pulse Width  ; SCL   ; Rise       ; registro8:inst14|lpm_shiftreg:LPM_SHIFTREG_component|dffs[4]                                   ;
; 0.283  ; 0.469        ; 0.186          ; Low Pulse Width  ; SCL   ; Rise       ; registro8:inst14|lpm_shiftreg:LPM_SHIFTREG_component|dffs[5]                                   ;
; 0.283  ; 0.469        ; 0.186          ; Low Pulse Width  ; SCL   ; Rise       ; registro8:inst14|lpm_shiftreg:LPM_SHIFTREG_component|dffs[6]                                   ;
; 0.283  ; 0.469        ; 0.186          ; Low Pulse Width  ; SCL   ; Rise       ; registro8:inst14|lpm_shiftreg:LPM_SHIFTREG_component|dffs[7]                                   ;
; 0.309  ; 0.527        ; 0.218          ; High Pulse Width ; SCL   ; Rise       ; registro8:inst14|lpm_shiftreg:LPM_SHIFTREG_component|dffs[0]                                   ;
; 0.309  ; 0.527        ; 0.218          ; High Pulse Width ; SCL   ; Rise       ; registro8:inst14|lpm_shiftreg:LPM_SHIFTREG_component|dffs[1]                                   ;
; 0.309  ; 0.527        ; 0.218          ; High Pulse Width ; SCL   ; Rise       ; registro8:inst14|lpm_shiftreg:LPM_SHIFTREG_component|dffs[2]                                   ;
; 0.309  ; 0.527        ; 0.218          ; High Pulse Width ; SCL   ; Rise       ; registro8:inst14|lpm_shiftreg:LPM_SHIFTREG_component|dffs[3]                                   ;
; 0.309  ; 0.527        ; 0.218          ; High Pulse Width ; SCL   ; Rise       ; registro8:inst14|lpm_shiftreg:LPM_SHIFTREG_component|dffs[4]                                   ;
; 0.309  ; 0.527        ; 0.218          ; High Pulse Width ; SCL   ; Rise       ; registro8:inst14|lpm_shiftreg:LPM_SHIFTREG_component|dffs[5]                                   ;
; 0.309  ; 0.527        ; 0.218          ; High Pulse Width ; SCL   ; Rise       ; registro8:inst14|lpm_shiftreg:LPM_SHIFTREG_component|dffs[6]                                   ;
; 0.309  ; 0.527        ; 0.218          ; High Pulse Width ; SCL   ; Rise       ; registro8:inst14|lpm_shiftreg:LPM_SHIFTREG_component|dffs[7]                                   ;
; 0.310  ; 0.528        ; 0.218          ; High Pulse Width ; SCL   ; Rise       ; contador_8:inst12|lpm_counter:LPM_COUNTER_component|cntr_5vj:auto_generated|counter_reg_bit[0] ;
; 0.310  ; 0.528        ; 0.218          ; High Pulse Width ; SCL   ; Rise       ; contador_8:inst12|lpm_counter:LPM_COUNTER_component|cntr_5vj:auto_generated|counter_reg_bit[1] ;
; 0.310  ; 0.528        ; 0.218          ; High Pulse Width ; SCL   ; Rise       ; contador_8:inst12|lpm_counter:LPM_COUNTER_component|cntr_5vj:auto_generated|counter_reg_bit[2] ;
; 0.310  ; 0.528        ; 0.218          ; High Pulse Width ; SCL   ; Rise       ; contador_8:inst12|lpm_counter:LPM_COUNTER_component|cntr_5vj:auto_generated|counter_reg_bit[3] ;
; 0.335  ; 0.553        ; 0.218          ; High Pulse Width ; SCL   ; Rise       ; I2C_maquina_estado:inst|fstate.AC                                                              ;
; 0.335  ; 0.553        ; 0.218          ; High Pulse Width ; SCL   ; Rise       ; I2C_maquina_estado:inst|fstate.Oscioso                                                         ;
; 0.335  ; 0.553        ; 0.218          ; High Pulse Width ; SCL   ; Rise       ; I2C_maquina_estado:inst|fstate.R_W                                                             ;
; 0.353  ; 0.571        ; 0.218          ; High Pulse Width ; SCL   ; Rise       ; contador7:inst4|lpm_counter:LPM_COUNTER_component|cntr_tki:auto_generated|counter_reg_bit[0]   ;
; 0.353  ; 0.571        ; 0.218          ; High Pulse Width ; SCL   ; Rise       ; contador7:inst4|lpm_counter:LPM_COUNTER_component|cntr_tki:auto_generated|counter_reg_bit[1]   ;
; 0.353  ; 0.571        ; 0.218          ; High Pulse Width ; SCL   ; Rise       ; contador7:inst4|lpm_counter:LPM_COUNTER_component|cntr_tki:auto_generated|counter_reg_bit[2]   ;
; 0.354  ; 0.354        ; 0.000          ; Low Pulse Width  ; SCL   ; Rise       ; inst2|datad                                                                                    ;
; 0.354  ; 0.572        ; 0.218          ; High Pulse Width ; SCL   ; Rise       ; registro7:inst13|lpm_shiftreg:LPM_SHIFTREG_component|dffs[0]                                   ;
; 0.354  ; 0.572        ; 0.218          ; High Pulse Width ; SCL   ; Rise       ; registro7:inst13|lpm_shiftreg:LPM_SHIFTREG_component|dffs[1]                                   ;
; 0.354  ; 0.572        ; 0.218          ; High Pulse Width ; SCL   ; Rise       ; registro7:inst13|lpm_shiftreg:LPM_SHIFTREG_component|dffs[2]                                   ;
; 0.354  ; 0.572        ; 0.218          ; High Pulse Width ; SCL   ; Rise       ; registro7:inst13|lpm_shiftreg:LPM_SHIFTREG_component|dffs[3]                                   ;
; 0.354  ; 0.572        ; 0.218          ; High Pulse Width ; SCL   ; Rise       ; registro7:inst13|lpm_shiftreg:LPM_SHIFTREG_component|dffs[4]                                   ;
; 0.354  ; 0.572        ; 0.218          ; High Pulse Width ; SCL   ; Rise       ; registro7:inst13|lpm_shiftreg:LPM_SHIFTREG_component|dffs[5]                                   ;
; 0.354  ; 0.572        ; 0.218          ; High Pulse Width ; SCL   ; Rise       ; registro7:inst13|lpm_shiftreg:LPM_SHIFTREG_component|dffs[6]                                   ;
; 0.356  ; 0.356        ; 0.000          ; Low Pulse Width  ; SCL   ; Rise       ; inst|fstate.Guardar_dir|clk                                                                    ;
; 0.366  ; 0.584        ; 0.218          ; High Pulse Width ; SCL   ; Rise       ; I2C_maquina_estado:inst|fstate.guardar_dato                                                    ;
; 0.371  ; 0.371        ; 0.000          ; Low Pulse Width  ; SCL   ; Rise       ; inst3|datac                                                                                    ;
; 0.376  ; 0.376        ; 0.000          ; Low Pulse Width  ; SCL   ; Rise       ; inst|fstate.guardar_dato|clk                                                                   ;
; 0.381  ; 0.381        ; 0.000          ; Low Pulse Width  ; SCL   ; Rise       ; inst2~clkctrl|inclk[0]                                                                         ;
; 0.381  ; 0.381        ; 0.000          ; Low Pulse Width  ; SCL   ; Rise       ; inst2~clkctrl|outclk                                                                           ;
; 0.382  ; 0.382        ; 0.000          ; Low Pulse Width  ; SCL   ; Rise       ; inst3|combout                                                                                  ;
; 0.386  ; 0.604        ; 0.218          ; High Pulse Width ; SCL   ; Rise       ; I2C_maquina_estado:inst|fstate.Guardar_dir                                                     ;
; 0.388  ; 0.388        ; 0.000          ; Low Pulse Width  ; SCL   ; Rise       ; inst13|LPM_SHIFTREG_component|dffs[0]|clk                                                      ;
; 0.388  ; 0.388        ; 0.000          ; Low Pulse Width  ; SCL   ; Rise       ; inst13|LPM_SHIFTREG_component|dffs[1]|clk                                                      ;
; 0.388  ; 0.388        ; 0.000          ; Low Pulse Width  ; SCL   ; Rise       ; inst13|LPM_SHIFTREG_component|dffs[2]|clk                                                      ;
; 0.388  ; 0.388        ; 0.000          ; Low Pulse Width  ; SCL   ; Rise       ; inst13|LPM_SHIFTREG_component|dffs[3]|clk                                                      ;
; 0.388  ; 0.388        ; 0.000          ; Low Pulse Width  ; SCL   ; Rise       ; inst13|LPM_SHIFTREG_component|dffs[4]|clk                                                      ;
; 0.388  ; 0.388        ; 0.000          ; Low Pulse Width  ; SCL   ; Rise       ; inst13|LPM_SHIFTREG_component|dffs[5]|clk                                                      ;
; 0.388  ; 0.388        ; 0.000          ; Low Pulse Width  ; SCL   ; Rise       ; inst13|LPM_SHIFTREG_component|dffs[6]|clk                                                      ;
; 0.388  ; 0.388        ; 0.000          ; Low Pulse Width  ; SCL   ; Rise       ; inst2|combout                                                                                  ;
; 0.389  ; 0.389        ; 0.000          ; Low Pulse Width  ; SCL   ; Rise       ; inst4|LPM_COUNTER_component|auto_generated|counter_reg_bit[0]|clk                              ;
; 0.389  ; 0.389        ; 0.000          ; Low Pulse Width  ; SCL   ; Rise       ; inst4|LPM_COUNTER_component|auto_generated|counter_reg_bit[1]|clk                              ;
; 0.389  ; 0.389        ; 0.000          ; Low Pulse Width  ; SCL   ; Rise       ; inst4|LPM_COUNTER_component|auto_generated|counter_reg_bit[2]|clk                              ;
+--------+--------------+----------------+------------------+-------+------------+------------------------------------------------------------------------------------------------+


+-----------------------------------------------------------------------------------------------------------------------------------------------------------+
; Slow 1200mV 0C Model Minimum Pulse Width: 'Clock_registro'                                                                                                ;
+--------+--------------+----------------+------------------+----------------+------------+-----------------------------------------------------------------+
; Slack  ; Actual Width ; Required Width ; Type             ; Clock          ; Clock Edge ; Target                                                          ;
+--------+--------------+----------------+------------------+----------------+------------+-----------------------------------------------------------------+
; -3.000 ; 1.000        ; 4.000          ; Port Rate        ; Clock_registro ; Rise       ; Clock_registro                                                  ;
; -1.285 ; 1.000        ; 2.285          ; Min Period       ; Clock_registro ; Rise       ; registro7:DIRECCION|lpm_shiftreg:LPM_SHIFTREG_component|dffs[0] ;
; -1.285 ; 1.000        ; 2.285          ; Min Period       ; Clock_registro ; Rise       ; registro7:DIRECCION|lpm_shiftreg:LPM_SHIFTREG_component|dffs[1] ;
; -1.285 ; 1.000        ; 2.285          ; Min Period       ; Clock_registro ; Rise       ; registro7:DIRECCION|lpm_shiftreg:LPM_SHIFTREG_component|dffs[2] ;
; -1.285 ; 1.000        ; 2.285          ; Min Period       ; Clock_registro ; Rise       ; registro7:DIRECCION|lpm_shiftreg:LPM_SHIFTREG_component|dffs[3] ;
; -1.285 ; 1.000        ; 2.285          ; Min Period       ; Clock_registro ; Rise       ; registro7:DIRECCION|lpm_shiftreg:LPM_SHIFTREG_component|dffs[4] ;
; -1.285 ; 1.000        ; 2.285          ; Min Period       ; Clock_registro ; Rise       ; registro7:DIRECCION|lpm_shiftreg:LPM_SHIFTREG_component|dffs[5] ;
; -1.285 ; 1.000        ; 2.285          ; Min Period       ; Clock_registro ; Rise       ; registro7:DIRECCION|lpm_shiftreg:LPM_SHIFTREG_component|dffs[6] ;
; 0.259  ; 0.445        ; 0.186          ; Low Pulse Width  ; Clock_registro ; Rise       ; registro7:DIRECCION|lpm_shiftreg:LPM_SHIFTREG_component|dffs[0] ;
; 0.259  ; 0.445        ; 0.186          ; Low Pulse Width  ; Clock_registro ; Rise       ; registro7:DIRECCION|lpm_shiftreg:LPM_SHIFTREG_component|dffs[1] ;
; 0.259  ; 0.445        ; 0.186          ; Low Pulse Width  ; Clock_registro ; Rise       ; registro7:DIRECCION|lpm_shiftreg:LPM_SHIFTREG_component|dffs[2] ;
; 0.259  ; 0.445        ; 0.186          ; Low Pulse Width  ; Clock_registro ; Rise       ; registro7:DIRECCION|lpm_shiftreg:LPM_SHIFTREG_component|dffs[3] ;
; 0.259  ; 0.445        ; 0.186          ; Low Pulse Width  ; Clock_registro ; Rise       ; registro7:DIRECCION|lpm_shiftreg:LPM_SHIFTREG_component|dffs[4] ;
; 0.259  ; 0.445        ; 0.186          ; Low Pulse Width  ; Clock_registro ; Rise       ; registro7:DIRECCION|lpm_shiftreg:LPM_SHIFTREG_component|dffs[5] ;
; 0.259  ; 0.445        ; 0.186          ; Low Pulse Width  ; Clock_registro ; Rise       ; registro7:DIRECCION|lpm_shiftreg:LPM_SHIFTREG_component|dffs[6] ;
; 0.335  ; 0.553        ; 0.218          ; High Pulse Width ; Clock_registro ; Rise       ; registro7:DIRECCION|lpm_shiftreg:LPM_SHIFTREG_component|dffs[0] ;
; 0.335  ; 0.553        ; 0.218          ; High Pulse Width ; Clock_registro ; Rise       ; registro7:DIRECCION|lpm_shiftreg:LPM_SHIFTREG_component|dffs[1] ;
; 0.335  ; 0.553        ; 0.218          ; High Pulse Width ; Clock_registro ; Rise       ; registro7:DIRECCION|lpm_shiftreg:LPM_SHIFTREG_component|dffs[2] ;
; 0.335  ; 0.553        ; 0.218          ; High Pulse Width ; Clock_registro ; Rise       ; registro7:DIRECCION|lpm_shiftreg:LPM_SHIFTREG_component|dffs[3] ;
; 0.335  ; 0.553        ; 0.218          ; High Pulse Width ; Clock_registro ; Rise       ; registro7:DIRECCION|lpm_shiftreg:LPM_SHIFTREG_component|dffs[4] ;
; 0.335  ; 0.553        ; 0.218          ; High Pulse Width ; Clock_registro ; Rise       ; registro7:DIRECCION|lpm_shiftreg:LPM_SHIFTREG_component|dffs[5] ;
; 0.335  ; 0.553        ; 0.218          ; High Pulse Width ; Clock_registro ; Rise       ; registro7:DIRECCION|lpm_shiftreg:LPM_SHIFTREG_component|dffs[6] ;
; 0.395  ; 0.395        ; 0.000          ; Low Pulse Width  ; Clock_registro ; Rise       ; Clock_registro~input|o                                          ;
; 0.401  ; 0.401        ; 0.000          ; Low Pulse Width  ; Clock_registro ; Rise       ; Clock_registro~inputclkctrl|inclk[0]                            ;
; 0.401  ; 0.401        ; 0.000          ; Low Pulse Width  ; Clock_registro ; Rise       ; Clock_registro~inputclkctrl|outclk                              ;
; 0.407  ; 0.407        ; 0.000          ; Low Pulse Width  ; Clock_registro ; Rise       ; DIRECCION|LPM_SHIFTREG_component|dffs[0]|clk                    ;
; 0.407  ; 0.407        ; 0.000          ; Low Pulse Width  ; Clock_registro ; Rise       ; DIRECCION|LPM_SHIFTREG_component|dffs[1]|clk                    ;
; 0.407  ; 0.407        ; 0.000          ; Low Pulse Width  ; Clock_registro ; Rise       ; DIRECCION|LPM_SHIFTREG_component|dffs[2]|clk                    ;
; 0.407  ; 0.407        ; 0.000          ; Low Pulse Width  ; Clock_registro ; Rise       ; DIRECCION|LPM_SHIFTREG_component|dffs[3]|clk                    ;
; 0.407  ; 0.407        ; 0.000          ; Low Pulse Width  ; Clock_registro ; Rise       ; DIRECCION|LPM_SHIFTREG_component|dffs[4]|clk                    ;
; 0.407  ; 0.407        ; 0.000          ; Low Pulse Width  ; Clock_registro ; Rise       ; DIRECCION|LPM_SHIFTREG_component|dffs[5]|clk                    ;
; 0.407  ; 0.407        ; 0.000          ; Low Pulse Width  ; Clock_registro ; Rise       ; DIRECCION|LPM_SHIFTREG_component|dffs[6]|clk                    ;
; 0.500  ; 0.500        ; 0.000          ; High Pulse Width ; Clock_registro ; Rise       ; Clock_registro~input|i                                          ;
; 0.500  ; 0.500        ; 0.000          ; Low Pulse Width  ; Clock_registro ; Rise       ; Clock_registro~input|i                                          ;
; 0.593  ; 0.593        ; 0.000          ; High Pulse Width ; Clock_registro ; Rise       ; DIRECCION|LPM_SHIFTREG_component|dffs[0]|clk                    ;
; 0.593  ; 0.593        ; 0.000          ; High Pulse Width ; Clock_registro ; Rise       ; DIRECCION|LPM_SHIFTREG_component|dffs[1]|clk                    ;
; 0.593  ; 0.593        ; 0.000          ; High Pulse Width ; Clock_registro ; Rise       ; DIRECCION|LPM_SHIFTREG_component|dffs[2]|clk                    ;
; 0.593  ; 0.593        ; 0.000          ; High Pulse Width ; Clock_registro ; Rise       ; DIRECCION|LPM_SHIFTREG_component|dffs[3]|clk                    ;
; 0.593  ; 0.593        ; 0.000          ; High Pulse Width ; Clock_registro ; Rise       ; DIRECCION|LPM_SHIFTREG_component|dffs[4]|clk                    ;
; 0.593  ; 0.593        ; 0.000          ; High Pulse Width ; Clock_registro ; Rise       ; DIRECCION|LPM_SHIFTREG_component|dffs[5]|clk                    ;
; 0.593  ; 0.593        ; 0.000          ; High Pulse Width ; Clock_registro ; Rise       ; DIRECCION|LPM_SHIFTREG_component|dffs[6]|clk                    ;
; 0.599  ; 0.599        ; 0.000          ; High Pulse Width ; Clock_registro ; Rise       ; Clock_registro~inputclkctrl|inclk[0]                            ;
; 0.599  ; 0.599        ; 0.000          ; High Pulse Width ; Clock_registro ; Rise       ; Clock_registro~inputclkctrl|outclk                              ;
; 0.605  ; 0.605        ; 0.000          ; High Pulse Width ; Clock_registro ; Rise       ; Clock_registro~input|o                                          ;
+--------+--------------+----------------+------------------+----------------+------------+-----------------------------------------------------------------+


+---------------------------------------------------------------------------------+
; Setup Times                                                                     ;
+-----------------+----------------+-------+-------+------------+-----------------+
; Data Port       ; Clock Port     ; Rise  ; Fall  ; Clock Edge ; Clock Reference ;
+-----------------+----------------+-------+-------+------------+-----------------+
; CARGA_DIRECCION ; Clock_registro ; 0.794 ; 1.053 ; Rise       ; Clock_registro  ;
; SDA             ; SCL            ; 2.643 ; 2.867 ; Rise       ; SCL             ;
; reset           ; SCL            ; 2.533 ; 2.624 ; Rise       ; SCL             ;
+-----------------+----------------+-------+-------+------------+-----------------+


+-----------------------------------------------------------------------------------+
; Hold Times                                                                        ;
+-----------------+----------------+--------+--------+------------+-----------------+
; Data Port       ; Clock Port     ; Rise   ; Fall   ; Clock Edge ; Clock Reference ;
+-----------------+----------------+--------+--------+------------+-----------------+
; CARGA_DIRECCION ; Clock_registro ; -0.405 ; -0.649 ; Rise       ; Clock_registro  ;
; SDA             ; SCL            ; 2.566  ; 2.350  ; Rise       ; SCL             ;
; reset           ; SCL            ; 0.084  ; -0.020 ; Rise       ; SCL             ;
+-----------------+----------------+--------+--------+------------+-----------------+


+-------------------------------------------------------------------------+
; Clock to Output Times                                                   ;
+-----------+------------+--------+--------+------------+-----------------+
; Data Port ; Clock Port ; Rise   ; Fall   ; Clock Edge ; Clock Reference ;
+-----------+------------+--------+--------+------------+-----------------+
; DATA[*]   ; SCL        ; 9.330  ; 9.311  ; Rise       ; SCL             ;
;  DATA[0]  ; SCL        ; 9.330  ; 9.311  ; Rise       ; SCL             ;
;  DATA[1]  ; SCL        ; 9.301  ; 9.289  ; Rise       ; SCL             ;
;  DATA[2]  ; SCL        ; 9.302  ; 9.290  ; Rise       ; SCL             ;
;  DATA[3]  ; SCL        ; 9.023  ; 9.027  ; Rise       ; SCL             ;
;  DATA[4]  ; SCL        ; 9.295  ; 9.275  ; Rise       ; SCL             ;
;  DATA[5]  ; SCL        ; 9.292  ; 9.266  ; Rise       ; SCL             ;
;  DATA[6]  ; SCL        ; 9.034  ; 9.037  ; Rise       ; SCL             ;
;  DATA[7]  ; SCL        ; 9.307  ; 9.302  ; Rise       ; SCL             ;
; DIRE[*]   ; SCL        ; 11.876 ; 11.874 ; Rise       ; SCL             ;
;  DIRE[0]  ; SCL        ; 9.302  ; 9.211  ; Rise       ; SCL             ;
;  DIRE[1]  ; SCL        ; 9.326  ; 9.234  ; Rise       ; SCL             ;
;  DIRE[2]  ; SCL        ; 9.053  ; 8.998  ; Rise       ; SCL             ;
;  DIRE[3]  ; SCL        ; 9.313  ; 9.220  ; Rise       ; SCL             ;
;  DIRE[4]  ; SCL        ; 9.315  ; 9.217  ; Rise       ; SCL             ;
;  DIRE[5]  ; SCL        ; 11.876 ; 11.874 ; Rise       ; SCL             ;
;  DIRE[6]  ; SCL        ; 9.352  ; 9.270  ; Rise       ; SCL             ;
; NC0       ; SCL        ; 9.106  ; 9.052  ; Rise       ; SCL             ;
; NC1       ; SCL        ; 9.091  ; 9.034  ; Rise       ; SCL             ;
; NC2       ; SCL        ; 9.173  ; 9.144  ; Rise       ; SCL             ;
; NC20      ; SCL        ; 9.363  ; 9.266  ; Rise       ; SCL             ;
; NC21      ; SCL        ; 9.313  ; 9.216  ; Rise       ; SCL             ;
; NC22      ; SCL        ; 9.607  ; 9.489  ; Rise       ; SCL             ;
; NC23      ; SCL        ; 9.135  ; 9.076  ; Rise       ; SCL             ;
+-----------+------------+--------+--------+------------+-----------------+


+-------------------------------------------------------------------------+
; Minimum Clock to Output Times                                           ;
+-----------+------------+--------+--------+------------+-----------------+
; Data Port ; Clock Port ; Rise   ; Fall   ; Clock Edge ; Clock Reference ;
+-----------+------------+--------+--------+------------+-----------------+
; DATA[*]   ; SCL        ; 8.775  ; 8.779  ; Rise       ; SCL             ;
;  DATA[0]  ; SCL        ; 9.069  ; 9.050  ; Rise       ; SCL             ;
;  DATA[1]  ; SCL        ; 9.041  ; 9.030  ; Rise       ; SCL             ;
;  DATA[2]  ; SCL        ; 9.042  ; 9.030  ; Rise       ; SCL             ;
;  DATA[3]  ; SCL        ; 8.775  ; 8.779  ; Rise       ; SCL             ;
;  DATA[4]  ; SCL        ; 9.035  ; 9.016  ; Rise       ; SCL             ;
;  DATA[5]  ; SCL        ; 9.032  ; 9.007  ; Rise       ; SCL             ;
;  DATA[6]  ; SCL        ; 8.786  ; 8.789  ; Rise       ; SCL             ;
;  DATA[7]  ; SCL        ; 9.047  ; 9.042  ; Rise       ; SCL             ;
; DIRE[*]   ; SCL        ; 8.801  ; 8.747  ; Rise       ; SCL             ;
;  DIRE[0]  ; SCL        ; 9.041  ; 8.953  ; Rise       ; SCL             ;
;  DIRE[1]  ; SCL        ; 9.065  ; 8.976  ; Rise       ; SCL             ;
;  DIRE[2]  ; SCL        ; 8.801  ; 8.747  ; Rise       ; SCL             ;
;  DIRE[3]  ; SCL        ; 9.052  ; 8.962  ; Rise       ; SCL             ;
;  DIRE[4]  ; SCL        ; 9.053  ; 8.958  ; Rise       ; SCL             ;
;  DIRE[5]  ; SCL        ; 11.512 ; 11.509 ; Rise       ; SCL             ;
;  DIRE[6]  ; SCL        ; 9.090  ; 9.010  ; Rise       ; SCL             ;
; NC0       ; SCL        ; 8.853  ; 8.800  ; Rise       ; SCL             ;
; NC1       ; SCL        ; 8.838  ; 8.782  ; Rise       ; SCL             ;
; NC2       ; SCL        ; 8.917  ; 8.888  ; Rise       ; SCL             ;
; NC20      ; SCL        ; 9.099  ; 9.004  ; Rise       ; SCL             ;
; NC21      ; SCL        ; 9.049  ; 8.955  ; Rise       ; SCL             ;
; NC22      ; SCL        ; 9.333  ; 9.218  ; Rise       ; SCL             ;
; NC23      ; SCL        ; 8.880  ; 8.822  ; Rise       ; SCL             ;
+-----------+------------+--------+--------+------------+-----------------+


+----------------------------------------------------------+
; Propagation Delay                                        ;
+------------+-------------+-------+-------+-------+-------+
; Input Port ; Output Port ; RR    ; RF    ; FR    ; FF    ;
+------------+-------------+-------+-------+-------+-------+
; reset      ; SDA         ; 6.408 ; 6.408 ; 6.592 ; 6.590 ;
+------------+-------------+-------+-------+-------+-------+


+----------------------------------------------------------+
; Minimum Propagation Delay                                ;
+------------+-------------+-------+-------+-------+-------+
; Input Port ; Output Port ; RR    ; RF    ; FR    ; FF    ;
+------------+-------------+-------+-------+-------+-------+
; reset      ; SDA         ; 6.150 ; 6.035 ; 6.216 ; 6.216 ;
+------------+-------------+-------+-------+-------+-------+


+-----------------------------------------------------------------------+
; Output Enable Times                                                   ;
+-----------+------------+-------+-------+------------+-----------------+
; Data Port ; Clock Port ; Rise  ; Fall  ; Clock Edge ; Clock Reference ;
+-----------+------------+-------+-------+------------+-----------------+
; SDA       ; SCL        ; 7.264 ; 7.262 ; Rise       ; SCL             ;
+-----------+------------+-------+-------+------------+-----------------+


+-----------------------------------------------------------------------+
; Minimum Output Enable Times                                           ;
+-----------+------------+-------+-------+------------+-----------------+
; Data Port ; Clock Port ; Rise  ; Fall  ; Clock Edge ; Clock Reference ;
+-----------+------------+-------+-------+------------+-----------------+
; SDA       ; SCL        ; 6.783 ; 6.783 ; Rise       ; SCL             ;
+-----------+------------+-------+-------+------------+-----------------+


+-------------------------------------------------------------------------------+
; Output Disable Times                                                          ;
+-----------+------------+-----------+-----------+------------+-----------------+
; Data Port ; Clock Port ; 0 to Hi-Z ; 1 to Hi-Z ; Clock Edge ; Clock Reference ;
+-----------+------------+-----------+-----------+------------+-----------------+
; SDA       ; SCL        ; 7.107     ; 7.107     ; Rise       ; SCL             ;
+-----------+------------+-----------+-----------+------------+-----------------+


+-------------------------------------------------------------------------------+
; Minimum Output Disable Times                                                  ;
+-----------+------------+-----------+-----------+------------+-----------------+
; Data Port ; Clock Port ; 0 to Hi-Z ; 1 to Hi-Z ; Clock Edge ; Clock Reference ;
+-----------+------------+-----------+-----------+------------+-----------------+
; SDA       ; SCL        ; 6.618     ; 6.733     ; Rise       ; SCL             ;
+-----------+------------+-----------+-----------+------------+-----------------+


---------------------------------------------
; Slow 1200mV 0C Model Metastability Report ;
---------------------------------------------
No synchronizer chains to report.


+-----------------------------------------+
; Fast 1200mV 0C Model Setup Summary      ;
+----------------+--------+---------------+
; Clock          ; Slack  ; End Point TNS ;
+----------------+--------+---------------+
; SCL            ; -2.405 ; -10.359       ;
; Clock_registro ; 0.498  ; 0.000         ;
+----------------+--------+---------------+


+-----------------------------------------+
; Fast 1200mV 0C Model Hold Summary       ;
+----------------+--------+---------------+
; Clock          ; Slack  ; End Point TNS ;
+----------------+--------+---------------+
; SCL            ; -0.045 ; -0.045        ;
; Clock_registro ; 0.191  ; 0.000         ;
+----------------+--------+---------------+


-----------------------------------------
; Fast 1200mV 0C Model Recovery Summary ;
-----------------------------------------
No paths to report.


----------------------------------------
; Fast 1200mV 0C Model Removal Summary ;
----------------------------------------
No paths to report.


+--------------------------------------------------+
; Fast 1200mV 0C Model Minimum Pulse Width Summary ;
+----------------+--------+------------------------+
; Clock          ; Slack  ; End Point TNS          ;
+----------------+--------+------------------------+
; SCL            ; -3.000 ; -30.171                ;
; Clock_registro ; -3.000 ; -10.406                ;
+----------------+--------+------------------------+


+----------------------------------------------------------------------------------------------------------------------------------------------------------------------------------------------------------------------------------------------------------------------------------+
; Fast 1200mV 0C Model Setup: 'SCL'                                                                                                                                                                                                                                                ;
+--------+------------------------------------------------------------------------------------------------+------------------------------------------------------------------------------------------------+----------------+-------------+--------------+------------+------------+
; Slack  ; From Node                                                                                      ; To Node                                                                                        ; Launch Clock   ; Latch Clock ; Relationship ; Clock Skew ; Data Delay ;
+--------+------------------------------------------------------------------------------------------------+------------------------------------------------------------------------------------------------+----------------+-------------+--------------+------------+------------+
; -2.405 ; contador_8:inst12|lpm_counter:LPM_COUNTER_component|cntr_5vj:auto_generated|counter_reg_bit[1] ; I2C_maquina_estado:inst|fstate.Oscioso                                                         ; SCL            ; SCL         ; 1.000        ; -1.951     ; 1.441      ;
; -2.364 ; contador7:inst4|lpm_counter:LPM_COUNTER_component|cntr_tki:auto_generated|counter_reg_bit[1]   ; I2C_maquina_estado:inst|fstate.R_W                                                             ; SCL            ; SCL         ; 1.000        ; -1.970     ; 1.381      ;
; -2.349 ; contador_8:inst12|lpm_counter:LPM_COUNTER_component|cntr_5vj:auto_generated|counter_reg_bit[0] ; I2C_maquina_estado:inst|fstate.Oscioso                                                         ; SCL            ; SCL         ; 1.000        ; -1.951     ; 1.385      ;
; -2.325 ; contador_8:inst12|lpm_counter:LPM_COUNTER_component|cntr_5vj:auto_generated|counter_reg_bit[3] ; I2C_maquina_estado:inst|fstate.Oscioso                                                         ; SCL            ; SCL         ; 1.000        ; -1.951     ; 1.361      ;
; -2.316 ; contador7:inst4|lpm_counter:LPM_COUNTER_component|cntr_tki:auto_generated|counter_reg_bit[0]   ; I2C_maquina_estado:inst|fstate.R_W                                                             ; SCL            ; SCL         ; 1.000        ; -1.970     ; 1.333      ;
; -2.288 ; registro7:inst13|lpm_shiftreg:LPM_SHIFTREG_component|dffs[0]                                   ; I2C_maquina_estado:inst|fstate.Oscioso                                                         ; SCL            ; SCL         ; 1.000        ; -1.978     ; 1.297      ;
; -2.282 ; contador_8:inst12|lpm_counter:LPM_COUNTER_component|cntr_5vj:auto_generated|counter_reg_bit[2] ; I2C_maquina_estado:inst|fstate.Oscioso                                                         ; SCL            ; SCL         ; 1.000        ; -1.951     ; 1.318      ;
; -2.260 ; contador7:inst4|lpm_counter:LPM_COUNTER_component|cntr_tki:auto_generated|counter_reg_bit[1]   ; I2C_maquina_estado:inst|fstate.Oscioso                                                         ; SCL            ; SCL         ; 1.000        ; -1.970     ; 1.277      ;
; -2.258 ; registro7:inst13|lpm_shiftreg:LPM_SHIFTREG_component|dffs[0]                                   ; I2C_maquina_estado:inst|fstate.R_W                                                             ; SCL            ; SCL         ; 1.000        ; -1.978     ; 1.267      ;
; -2.249 ; contador7:inst4|lpm_counter:LPM_COUNTER_component|cntr_tki:auto_generated|counter_reg_bit[2]   ; I2C_maquina_estado:inst|fstate.R_W                                                             ; SCL            ; SCL         ; 1.000        ; -1.970     ; 1.266      ;
; -2.213 ; contador7:inst4|lpm_counter:LPM_COUNTER_component|cntr_tki:auto_generated|counter_reg_bit[0]   ; I2C_maquina_estado:inst|fstate.Oscioso                                                         ; SCL            ; SCL         ; 1.000        ; -1.970     ; 1.230      ;
; -2.204 ; registro7:inst13|lpm_shiftreg:LPM_SHIFTREG_component|dffs[6]                                   ; I2C_maquina_estado:inst|fstate.Oscioso                                                         ; SCL            ; SCL         ; 1.000        ; -1.978     ; 1.213      ;
; -2.146 ; contador7:inst4|lpm_counter:LPM_COUNTER_component|cntr_tki:auto_generated|counter_reg_bit[2]   ; I2C_maquina_estado:inst|fstate.Oscioso                                                         ; SCL            ; SCL         ; 1.000        ; -1.970     ; 1.163      ;
; -2.143 ; registro7:inst13|lpm_shiftreg:LPM_SHIFTREG_component|dffs[1]                                   ; I2C_maquina_estado:inst|fstate.Oscioso                                                         ; SCL            ; SCL         ; 1.000        ; -1.978     ; 1.152      ;
; -2.141 ; registro7:inst13|lpm_shiftreg:LPM_SHIFTREG_component|dffs[2]                                   ; I2C_maquina_estado:inst|fstate.Oscioso                                                         ; SCL            ; SCL         ; 1.000        ; -1.978     ; 1.150      ;
; -2.132 ; registro7:inst13|lpm_shiftreg:LPM_SHIFTREG_component|dffs[4]                                   ; I2C_maquina_estado:inst|fstate.Oscioso                                                         ; SCL            ; SCL         ; 1.000        ; -1.978     ; 1.141      ;
; -2.127 ; registro7:inst13|lpm_shiftreg:LPM_SHIFTREG_component|dffs[1]                                   ; I2C_maquina_estado:inst|fstate.R_W                                                             ; SCL            ; SCL         ; 1.000        ; -1.978     ; 1.136      ;
; -2.064 ; registro7:inst13|lpm_shiftreg:LPM_SHIFTREG_component|dffs[3]                                   ; I2C_maquina_estado:inst|fstate.Oscioso                                                         ; SCL            ; SCL         ; 1.000        ; -1.978     ; 1.073      ;
; -2.061 ; registro7:inst13|lpm_shiftreg:LPM_SHIFTREG_component|dffs[6]                                   ; I2C_maquina_estado:inst|fstate.R_W                                                             ; SCL            ; SCL         ; 1.000        ; -1.978     ; 1.070      ;
; -2.034 ; registro7:inst13|lpm_shiftreg:LPM_SHIFTREG_component|dffs[3]                                   ; I2C_maquina_estado:inst|fstate.R_W                                                             ; SCL            ; SCL         ; 1.000        ; -1.978     ; 1.043      ;
; -1.989 ; registro7:inst13|lpm_shiftreg:LPM_SHIFTREG_component|dffs[4]                                   ; I2C_maquina_estado:inst|fstate.R_W                                                             ; SCL            ; SCL         ; 1.000        ; -1.978     ; 0.998      ;
; -1.956 ; registro7:inst13|lpm_shiftreg:LPM_SHIFTREG_component|dffs[5]                                   ; I2C_maquina_estado:inst|fstate.Oscioso                                                         ; SCL            ; SCL         ; 1.000        ; -1.978     ; 0.965      ;
; -1.929 ; registro7:inst13|lpm_shiftreg:LPM_SHIFTREG_component|dffs[2]                                   ; I2C_maquina_estado:inst|fstate.R_W                                                             ; SCL            ; SCL         ; 1.000        ; -1.978     ; 0.938      ;
; -1.775 ; contador7:inst4|lpm_counter:LPM_COUNTER_component|cntr_tki:auto_generated|counter_reg_bit[1]   ; I2C_maquina_estado:inst|fstate.Guardar_dir                                                     ; SCL            ; SCL         ; 1.000        ; -1.473     ; 1.289      ;
; -1.744 ; registro7:inst13|lpm_shiftreg:LPM_SHIFTREG_component|dffs[5]                                   ; I2C_maquina_estado:inst|fstate.R_W                                                             ; SCL            ; SCL         ; 1.000        ; -1.978     ; 0.753      ;
; -1.727 ; contador7:inst4|lpm_counter:LPM_COUNTER_component|cntr_tki:auto_generated|counter_reg_bit[0]   ; I2C_maquina_estado:inst|fstate.Guardar_dir                                                     ; SCL            ; SCL         ; 1.000        ; -1.473     ; 1.241      ;
; -1.660 ; contador7:inst4|lpm_counter:LPM_COUNTER_component|cntr_tki:auto_generated|counter_reg_bit[2]   ; I2C_maquina_estado:inst|fstate.Guardar_dir                                                     ; SCL            ; SCL         ; 1.000        ; -1.473     ; 1.174      ;
; -1.651 ; contador_8:inst12|lpm_counter:LPM_COUNTER_component|cntr_5vj:auto_generated|counter_reg_bit[1] ; I2C_maquina_estado:inst|fstate.guardar_dato                                                    ; SCL            ; SCL         ; 1.000        ; -1.421     ; 1.217      ;
; -1.595 ; contador_8:inst12|lpm_counter:LPM_COUNTER_component|cntr_5vj:auto_generated|counter_reg_bit[0] ; I2C_maquina_estado:inst|fstate.guardar_dato                                                    ; SCL            ; SCL         ; 1.000        ; -1.421     ; 1.161      ;
; -1.571 ; contador_8:inst12|lpm_counter:LPM_COUNTER_component|cntr_5vj:auto_generated|counter_reg_bit[3] ; I2C_maquina_estado:inst|fstate.guardar_dato                                                    ; SCL            ; SCL         ; 1.000        ; -1.421     ; 1.137      ;
; -1.567 ; contador_8:inst12|lpm_counter:LPM_COUNTER_component|cntr_5vj:auto_generated|counter_reg_bit[2] ; I2C_maquina_estado:inst|fstate.guardar_dato                                                    ; SCL            ; SCL         ; 1.000        ; -1.421     ; 1.133      ;
; -0.598 ; I2C_maquina_estado:inst|fstate.Guardar_dir                                                     ; I2C_maquina_estado:inst|fstate.Oscioso                                                         ; SCL            ; SCL         ; 1.000        ; -0.581     ; 1.004      ;
; -0.598 ; I2C_maquina_estado:inst|fstate.Guardar_dir                                                     ; I2C_maquina_estado:inst|fstate.R_W                                                             ; SCL            ; SCL         ; 1.000        ; -0.581     ; 1.004      ;
; -0.541 ; contador_8:inst12|lpm_counter:LPM_COUNTER_component|cntr_5vj:auto_generated|counter_reg_bit[1] ; contador_8:inst12|lpm_counter:LPM_COUNTER_component|cntr_5vj:auto_generated|counter_reg_bit[0] ; SCL            ; SCL         ; 1.000        ; -0.042     ; 1.486      ;
; -0.541 ; contador_8:inst12|lpm_counter:LPM_COUNTER_component|cntr_5vj:auto_generated|counter_reg_bit[1] ; contador_8:inst12|lpm_counter:LPM_COUNTER_component|cntr_5vj:auto_generated|counter_reg_bit[1] ; SCL            ; SCL         ; 1.000        ; -0.042     ; 1.486      ;
; -0.541 ; contador_8:inst12|lpm_counter:LPM_COUNTER_component|cntr_5vj:auto_generated|counter_reg_bit[1] ; contador_8:inst12|lpm_counter:LPM_COUNTER_component|cntr_5vj:auto_generated|counter_reg_bit[2] ; SCL            ; SCL         ; 1.000        ; -0.042     ; 1.486      ;
; -0.541 ; contador_8:inst12|lpm_counter:LPM_COUNTER_component|cntr_5vj:auto_generated|counter_reg_bit[1] ; contador_8:inst12|lpm_counter:LPM_COUNTER_component|cntr_5vj:auto_generated|counter_reg_bit[3] ; SCL            ; SCL         ; 1.000        ; -0.042     ; 1.486      ;
; -0.485 ; contador_8:inst12|lpm_counter:LPM_COUNTER_component|cntr_5vj:auto_generated|counter_reg_bit[0] ; contador_8:inst12|lpm_counter:LPM_COUNTER_component|cntr_5vj:auto_generated|counter_reg_bit[0] ; SCL            ; SCL         ; 1.000        ; -0.042     ; 1.430      ;
; -0.485 ; contador_8:inst12|lpm_counter:LPM_COUNTER_component|cntr_5vj:auto_generated|counter_reg_bit[0] ; contador_8:inst12|lpm_counter:LPM_COUNTER_component|cntr_5vj:auto_generated|counter_reg_bit[1] ; SCL            ; SCL         ; 1.000        ; -0.042     ; 1.430      ;
; -0.485 ; contador_8:inst12|lpm_counter:LPM_COUNTER_component|cntr_5vj:auto_generated|counter_reg_bit[0] ; contador_8:inst12|lpm_counter:LPM_COUNTER_component|cntr_5vj:auto_generated|counter_reg_bit[2] ; SCL            ; SCL         ; 1.000        ; -0.042     ; 1.430      ;
; -0.485 ; contador_8:inst12|lpm_counter:LPM_COUNTER_component|cntr_5vj:auto_generated|counter_reg_bit[0] ; contador_8:inst12|lpm_counter:LPM_COUNTER_component|cntr_5vj:auto_generated|counter_reg_bit[3] ; SCL            ; SCL         ; 1.000        ; -0.042     ; 1.430      ;
; -0.478 ; I2C_maquina_estado:inst|fstate.guardar_dato                                                    ; I2C_maquina_estado:inst|fstate.Oscioso                                                         ; SCL            ; SCL         ; 1.000        ; -0.615     ; 0.850      ;
; -0.461 ; contador_8:inst12|lpm_counter:LPM_COUNTER_component|cntr_5vj:auto_generated|counter_reg_bit[3] ; contador_8:inst12|lpm_counter:LPM_COUNTER_component|cntr_5vj:auto_generated|counter_reg_bit[0] ; SCL            ; SCL         ; 1.000        ; -0.042     ; 1.406      ;
; -0.461 ; contador_8:inst12|lpm_counter:LPM_COUNTER_component|cntr_5vj:auto_generated|counter_reg_bit[3] ; contador_8:inst12|lpm_counter:LPM_COUNTER_component|cntr_5vj:auto_generated|counter_reg_bit[1] ; SCL            ; SCL         ; 1.000        ; -0.042     ; 1.406      ;
; -0.461 ; contador_8:inst12|lpm_counter:LPM_COUNTER_component|cntr_5vj:auto_generated|counter_reg_bit[3] ; contador_8:inst12|lpm_counter:LPM_COUNTER_component|cntr_5vj:auto_generated|counter_reg_bit[2] ; SCL            ; SCL         ; 1.000        ; -0.042     ; 1.406      ;
; -0.461 ; contador_8:inst12|lpm_counter:LPM_COUNTER_component|cntr_5vj:auto_generated|counter_reg_bit[3] ; contador_8:inst12|lpm_counter:LPM_COUNTER_component|cntr_5vj:auto_generated|counter_reg_bit[3] ; SCL            ; SCL         ; 1.000        ; -0.042     ; 1.406      ;
; -0.418 ; contador_8:inst12|lpm_counter:LPM_COUNTER_component|cntr_5vj:auto_generated|counter_reg_bit[2] ; contador_8:inst12|lpm_counter:LPM_COUNTER_component|cntr_5vj:auto_generated|counter_reg_bit[0] ; SCL            ; SCL         ; 1.000        ; -0.042     ; 1.363      ;
; -0.418 ; contador_8:inst12|lpm_counter:LPM_COUNTER_component|cntr_5vj:auto_generated|counter_reg_bit[2] ; contador_8:inst12|lpm_counter:LPM_COUNTER_component|cntr_5vj:auto_generated|counter_reg_bit[1] ; SCL            ; SCL         ; 1.000        ; -0.042     ; 1.363      ;
; -0.418 ; contador_8:inst12|lpm_counter:LPM_COUNTER_component|cntr_5vj:auto_generated|counter_reg_bit[2] ; contador_8:inst12|lpm_counter:LPM_COUNTER_component|cntr_5vj:auto_generated|counter_reg_bit[2] ; SCL            ; SCL         ; 1.000        ; -0.042     ; 1.363      ;
; -0.418 ; contador_8:inst12|lpm_counter:LPM_COUNTER_component|cntr_5vj:auto_generated|counter_reg_bit[2] ; contador_8:inst12|lpm_counter:LPM_COUNTER_component|cntr_5vj:auto_generated|counter_reg_bit[3] ; SCL            ; SCL         ; 1.000        ; -0.042     ; 1.363      ;
; -0.379 ; I2C_maquina_estado:inst|fstate.Oscioso                                                         ; I2C_maquina_estado:inst|fstate.Oscioso                                                         ; SCL            ; SCL         ; 1.000        ; -0.043     ; 1.323      ;
; -0.236 ; registro7:DIRECCION|lpm_shiftreg:LPM_SHIFTREG_component|dffs[5]                                ; I2C_maquina_estado:inst|fstate.Oscioso                                                         ; Clock_registro ; SCL         ; 1.000        ; -0.061     ; 1.142      ;
; -0.081 ; registro7:DIRECCION|lpm_shiftreg:LPM_SHIFTREG_component|dffs[2]                                ; I2C_maquina_estado:inst|fstate.Oscioso                                                         ; Clock_registro ; SCL         ; 1.000        ; -0.061     ; 0.987      ;
; -0.077 ; registro7:DIRECCION|lpm_shiftreg:LPM_SHIFTREG_component|dffs[0]                                ; I2C_maquina_estado:inst|fstate.Oscioso                                                         ; Clock_registro ; SCL         ; 1.000        ; -0.061     ; 0.983      ;
; -0.075 ; registro7:DIRECCION|lpm_shiftreg:LPM_SHIFTREG_component|dffs[4]                                ; I2C_maquina_estado:inst|fstate.Oscioso                                                         ; Clock_registro ; SCL         ; 1.000        ; -0.061     ; 0.981      ;
; -0.056 ; registro7:DIRECCION|lpm_shiftreg:LPM_SHIFTREG_component|dffs[6]                                ; I2C_maquina_estado:inst|fstate.Oscioso                                                         ; Clock_registro ; SCL         ; 1.000        ; -0.061     ; 0.962      ;
; -0.047 ; registro7:DIRECCION|lpm_shiftreg:LPM_SHIFTREG_component|dffs[0]                                ; I2C_maquina_estado:inst|fstate.R_W                                                             ; Clock_registro ; SCL         ; 1.000        ; -0.061     ; 0.953      ;
; -0.024 ; registro7:DIRECCION|lpm_shiftreg:LPM_SHIFTREG_component|dffs[5]                                ; I2C_maquina_estado:inst|fstate.R_W                                                             ; Clock_registro ; SCL         ; 1.000        ; -0.061     ; 0.930      ;
; 0.004  ; registro7:DIRECCION|lpm_shiftreg:LPM_SHIFTREG_component|dffs[1]                                ; I2C_maquina_estado:inst|fstate.Oscioso                                                         ; Clock_registro ; SCL         ; 1.000        ; -0.061     ; 0.902      ;
; 0.020  ; registro7:DIRECCION|lpm_shiftreg:LPM_SHIFTREG_component|dffs[1]                                ; I2C_maquina_estado:inst|fstate.R_W                                                             ; Clock_registro ; SCL         ; 1.000        ; -0.061     ; 0.886      ;
; 0.068  ; registro7:DIRECCION|lpm_shiftreg:LPM_SHIFTREG_component|dffs[4]                                ; I2C_maquina_estado:inst|fstate.R_W                                                             ; Clock_registro ; SCL         ; 1.000        ; -0.061     ; 0.838      ;
; 0.076  ; registro7:DIRECCION|lpm_shiftreg:LPM_SHIFTREG_component|dffs[3]                                ; I2C_maquina_estado:inst|fstate.Oscioso                                                         ; Clock_registro ; SCL         ; 1.000        ; -0.061     ; 0.830      ;
; 0.087  ; registro7:DIRECCION|lpm_shiftreg:LPM_SHIFTREG_component|dffs[6]                                ; I2C_maquina_estado:inst|fstate.R_W                                                             ; Clock_registro ; SCL         ; 1.000        ; -0.061     ; 0.819      ;
; 0.106  ; registro7:DIRECCION|lpm_shiftreg:LPM_SHIFTREG_component|dffs[3]                                ; I2C_maquina_estado:inst|fstate.R_W                                                             ; Clock_registro ; SCL         ; 1.000        ; -0.061     ; 0.800      ;
; 0.111  ; contador7:inst4|lpm_counter:LPM_COUNTER_component|cntr_tki:auto_generated|counter_reg_bit[1]   ; contador7:inst4|lpm_counter:LPM_COUNTER_component|cntr_tki:auto_generated|counter_reg_bit[2]   ; SCL            ; SCL         ; 1.000        ; -0.042     ; 0.834      ;
; 0.131  ; registro7:DIRECCION|lpm_shiftreg:LPM_SHIFTREG_component|dffs[2]                                ; I2C_maquina_estado:inst|fstate.R_W                                                             ; Clock_registro ; SCL         ; 1.000        ; -0.061     ; 0.775      ;
; 0.159  ; contador7:inst4|lpm_counter:LPM_COUNTER_component|cntr_tki:auto_generated|counter_reg_bit[0]   ; contador7:inst4|lpm_counter:LPM_COUNTER_component|cntr_tki:auto_generated|counter_reg_bit[2]   ; SCL            ; SCL         ; 1.000        ; -0.042     ; 0.786      ;
; 0.189  ; contador7:inst4|lpm_counter:LPM_COUNTER_component|cntr_tki:auto_generated|counter_reg_bit[0]   ; contador7:inst4|lpm_counter:LPM_COUNTER_component|cntr_tki:auto_generated|counter_reg_bit[1]   ; SCL            ; SCL         ; 1.000        ; -0.042     ; 0.756      ;
; 0.249  ; registro7:inst13|lpm_shiftreg:LPM_SHIFTREG_component|dffs[0]                                   ; registro7:inst13|lpm_shiftreg:LPM_SHIFTREG_component|dffs[1]                                   ; SCL            ; SCL         ; 1.000        ; -0.042     ; 0.696      ;
; 0.296  ; registro7:inst13|lpm_shiftreg:LPM_SHIFTREG_component|dffs[5]                                   ; registro7:inst13|lpm_shiftreg:LPM_SHIFTREG_component|dffs[6]                                   ; SCL            ; SCL         ; 1.000        ; -0.042     ; 0.649      ;
; 0.393  ; registro7:inst13|lpm_shiftreg:LPM_SHIFTREG_component|dffs[4]                                   ; registro7:inst13|lpm_shiftreg:LPM_SHIFTREG_component|dffs[5]                                   ; SCL            ; SCL         ; 1.000        ; -0.042     ; 0.552      ;
; 0.394  ; contador7:inst4|lpm_counter:LPM_COUNTER_component|cntr_tki:auto_generated|counter_reg_bit[2]   ; contador7:inst4|lpm_counter:LPM_COUNTER_component|cntr_tki:auto_generated|counter_reg_bit[2]   ; SCL            ; SCL         ; 1.000        ; -0.042     ; 0.551      ;
; 0.395  ; contador7:inst4|lpm_counter:LPM_COUNTER_component|cntr_tki:auto_generated|counter_reg_bit[0]   ; contador7:inst4|lpm_counter:LPM_COUNTER_component|cntr_tki:auto_generated|counter_reg_bit[0]   ; SCL            ; SCL         ; 1.000        ; -0.042     ; 0.550      ;
; 0.402  ; I2C_maquina_estado:inst|fstate.R_W                                                             ; I2C_maquina_estado:inst|fstate.AC                                                              ; SCL            ; SCL         ; 1.000        ; -0.043     ; 0.542      ;
; 0.403  ; registro7:inst13|lpm_shiftreg:LPM_SHIFTREG_component|dffs[3]                                   ; registro7:inst13|lpm_shiftreg:LPM_SHIFTREG_component|dffs[4]                                   ; SCL            ; SCL         ; 1.000        ; -0.042     ; 0.542      ;
; 0.404  ; contador7:inst4|lpm_counter:LPM_COUNTER_component|cntr_tki:auto_generated|counter_reg_bit[1]   ; contador7:inst4|lpm_counter:LPM_COUNTER_component|cntr_tki:auto_generated|counter_reg_bit[1]   ; SCL            ; SCL         ; 1.000        ; -0.042     ; 0.541      ;
; 0.409  ; registro7:inst13|lpm_shiftreg:LPM_SHIFTREG_component|dffs[1]                                   ; registro7:inst13|lpm_shiftreg:LPM_SHIFTREG_component|dffs[2]                                   ; SCL            ; SCL         ; 1.000        ; -0.042     ; 0.536      ;
; 0.555  ; registro7:inst13|lpm_shiftreg:LPM_SHIFTREG_component|dffs[2]                                   ; registro7:inst13|lpm_shiftreg:LPM_SHIFTREG_component|dffs[3]                                   ; SCL            ; SCL         ; 1.000        ; -0.042     ; 0.390      ;
; 0.559  ; registro8:inst14|lpm_shiftreg:LPM_SHIFTREG_component|dffs[1]                                   ; registro8:inst14|lpm_shiftreg:LPM_SHIFTREG_component|dffs[2]                                   ; SCL            ; SCL         ; 1.000        ; -0.041     ; 0.387      ;
; 0.560  ; registro8:inst14|lpm_shiftreg:LPM_SHIFTREG_component|dffs[3]                                   ; registro8:inst14|lpm_shiftreg:LPM_SHIFTREG_component|dffs[4]                                   ; SCL            ; SCL         ; 1.000        ; -0.041     ; 0.386      ;
; 0.560  ; registro8:inst14|lpm_shiftreg:LPM_SHIFTREG_component|dffs[5]                                   ; registro8:inst14|lpm_shiftreg:LPM_SHIFTREG_component|dffs[6]                                   ; SCL            ; SCL         ; 1.000        ; -0.041     ; 0.386      ;
; 0.561  ; registro8:inst14|lpm_shiftreg:LPM_SHIFTREG_component|dffs[4]                                   ; registro8:inst14|lpm_shiftreg:LPM_SHIFTREG_component|dffs[5]                                   ; SCL            ; SCL         ; 1.000        ; -0.041     ; 0.385      ;
; 0.561  ; registro8:inst14|lpm_shiftreg:LPM_SHIFTREG_component|dffs[6]                                   ; registro8:inst14|lpm_shiftreg:LPM_SHIFTREG_component|dffs[7]                                   ; SCL            ; SCL         ; 1.000        ; -0.041     ; 0.385      ;
; 0.562  ; registro8:inst14|lpm_shiftreg:LPM_SHIFTREG_component|dffs[0]                                   ; registro8:inst14|lpm_shiftreg:LPM_SHIFTREG_component|dffs[1]                                   ; SCL            ; SCL         ; 1.000        ; -0.041     ; 0.384      ;
; 0.562  ; registro8:inst14|lpm_shiftreg:LPM_SHIFTREG_component|dffs[2]                                   ; registro8:inst14|lpm_shiftreg:LPM_SHIFTREG_component|dffs[3]                                   ; SCL            ; SCL         ; 1.000        ; -0.041     ; 0.384      ;
; 0.571  ; I2C_maquina_estado:inst|fstate.AC                                                              ; I2C_maquina_estado:inst|fstate.guardar_dato                                                    ; SCL            ; SCL         ; 1.000        ; 0.467      ; 0.883      ;
; 0.615  ; I2C_maquina_estado:inst|fstate.Guardar_dir                                                     ; I2C_maquina_estado:inst|fstate.Guardar_dir                                                     ; SCL            ; SCL         ; 1.000        ; -0.022     ; 0.350      ;
; 0.615  ; I2C_maquina_estado:inst|fstate.guardar_dato                                                    ; I2C_maquina_estado:inst|fstate.guardar_dato                                                    ; SCL            ; SCL         ; 1.000        ; -0.022     ; 0.350      ;
; 0.678  ; I2C_maquina_estado:inst|fstate.Oscioso                                                         ; I2C_maquina_estado:inst|fstate.Guardar_dir                                                     ; SCL            ; SCL         ; 1.000        ; 0.434      ; 0.743      ;
+--------+------------------------------------------------------------------------------------------------+------------------------------------------------------------------------------------------------+----------------+-------------+--------------+------------+------------+


+----------------------------------------------------------------------------------------------------------------------------------------------------------------------------------------------------------------------+
; Fast 1200mV 0C Model Setup: 'Clock_registro'                                                                                                                                                                         ;
+-------+-----------------------------------------------------------------+-----------------------------------------------------------------+----------------+----------------+--------------+------------+------------+
; Slack ; From Node                                                       ; To Node                                                         ; Launch Clock   ; Latch Clock    ; Relationship ; Clock Skew ; Data Delay ;
+-------+-----------------------------------------------------------------+-----------------------------------------------------------------+----------------+----------------+--------------+------------+------------+
; 0.498 ; registro7:DIRECCION|lpm_shiftreg:LPM_SHIFTREG_component|dffs[5] ; registro7:DIRECCION|lpm_shiftreg:LPM_SHIFTREG_component|dffs[6] ; Clock_registro ; Clock_registro ; 1.000        ; -0.042     ; 0.447      ;
; 0.559 ; registro7:DIRECCION|lpm_shiftreg:LPM_SHIFTREG_component|dffs[0] ; registro7:DIRECCION|lpm_shiftreg:LPM_SHIFTREG_component|dffs[1] ; Clock_registro ; Clock_registro ; 1.000        ; -0.042     ; 0.386      ;
; 0.564 ; registro7:DIRECCION|lpm_shiftreg:LPM_SHIFTREG_component|dffs[2] ; registro7:DIRECCION|lpm_shiftreg:LPM_SHIFTREG_component|dffs[3] ; Clock_registro ; Clock_registro ; 1.000        ; -0.042     ; 0.381      ;
; 0.566 ; registro7:DIRECCION|lpm_shiftreg:LPM_SHIFTREG_component|dffs[1] ; registro7:DIRECCION|lpm_shiftreg:LPM_SHIFTREG_component|dffs[2] ; Clock_registro ; Clock_registro ; 1.000        ; -0.042     ; 0.379      ;
; 0.567 ; registro7:DIRECCION|lpm_shiftreg:LPM_SHIFTREG_component|dffs[3] ; registro7:DIRECCION|lpm_shiftreg:LPM_SHIFTREG_component|dffs[4] ; Clock_registro ; Clock_registro ; 1.000        ; -0.042     ; 0.378      ;
; 0.567 ; registro7:DIRECCION|lpm_shiftreg:LPM_SHIFTREG_component|dffs[4] ; registro7:DIRECCION|lpm_shiftreg:LPM_SHIFTREG_component|dffs[5] ; Clock_registro ; Clock_registro ; 1.000        ; -0.042     ; 0.378      ;
+-------+-----------------------------------------------------------------+-----------------------------------------------------------------+----------------+----------------+--------------+------------+------------+


+----------------------------------------------------------------------------------------------------------------------------------------------------------------------------------------------------------------------------------------------------------------------------------+
; Fast 1200mV 0C Model Hold: 'SCL'                                                                                                                                                                                                                                                 ;
+--------+------------------------------------------------------------------------------------------------+------------------------------------------------------------------------------------------------+----------------+-------------+--------------+------------+------------+
; Slack  ; From Node                                                                                      ; To Node                                                                                        ; Launch Clock   ; Latch Clock ; Relationship ; Clock Skew ; Data Delay ;
+--------+------------------------------------------------------------------------------------------------+------------------------------------------------------------------------------------------------+----------------+-------------+--------------+------------+------------+
; -0.045 ; I2C_maquina_estado:inst|fstate.Oscioso                                                         ; I2C_maquina_estado:inst|fstate.Guardar_dir                                                     ; SCL            ; SCL         ; 0.000        ; 0.581      ; 0.620      ;
; 0.015  ; I2C_maquina_estado:inst|fstate.AC                                                              ; I2C_maquina_estado:inst|fstate.guardar_dato                                                    ; SCL            ; SCL         ; 0.000        ; 0.615      ; 0.714      ;
; 0.200  ; registro8:inst14|lpm_shiftreg:LPM_SHIFTREG_component|dffs[0]                                   ; registro8:inst14|lpm_shiftreg:LPM_SHIFTREG_component|dffs[1]                                   ; SCL            ; SCL         ; 0.000        ; 0.041      ; 0.325      ;
; 0.200  ; registro8:inst14|lpm_shiftreg:LPM_SHIFTREG_component|dffs[2]                                   ; registro8:inst14|lpm_shiftreg:LPM_SHIFTREG_component|dffs[3]                                   ; SCL            ; SCL         ; 0.000        ; 0.041      ; 0.325      ;
; 0.201  ; I2C_maquina_estado:inst|fstate.Guardar_dir                                                     ; I2C_maquina_estado:inst|fstate.Guardar_dir                                                     ; SCL            ; SCL         ; 0.000        ; 0.022      ; 0.307      ;
; 0.201  ; I2C_maquina_estado:inst|fstate.guardar_dato                                                    ; I2C_maquina_estado:inst|fstate.guardar_dato                                                    ; SCL            ; SCL         ; 0.000        ; 0.022      ; 0.307      ;
; 0.201  ; registro8:inst14|lpm_shiftreg:LPM_SHIFTREG_component|dffs[4]                                   ; registro8:inst14|lpm_shiftreg:LPM_SHIFTREG_component|dffs[5]                                   ; SCL            ; SCL         ; 0.000        ; 0.041      ; 0.326      ;
; 0.201  ; registro8:inst14|lpm_shiftreg:LPM_SHIFTREG_component|dffs[6]                                   ; registro8:inst14|lpm_shiftreg:LPM_SHIFTREG_component|dffs[7]                                   ; SCL            ; SCL         ; 0.000        ; 0.041      ; 0.326      ;
; 0.202  ; registro8:inst14|lpm_shiftreg:LPM_SHIFTREG_component|dffs[1]                                   ; registro8:inst14|lpm_shiftreg:LPM_SHIFTREG_component|dffs[2]                                   ; SCL            ; SCL         ; 0.000        ; 0.041      ; 0.327      ;
; 0.202  ; registro8:inst14|lpm_shiftreg:LPM_SHIFTREG_component|dffs[3]                                   ; registro8:inst14|lpm_shiftreg:LPM_SHIFTREG_component|dffs[4]                                   ; SCL            ; SCL         ; 0.000        ; 0.041      ; 0.327      ;
; 0.202  ; registro8:inst14|lpm_shiftreg:LPM_SHIFTREG_component|dffs[5]                                   ; registro8:inst14|lpm_shiftreg:LPM_SHIFTREG_component|dffs[6]                                   ; SCL            ; SCL         ; 0.000        ; 0.041      ; 0.327      ;
; 0.204  ; registro7:inst13|lpm_shiftreg:LPM_SHIFTREG_component|dffs[2]                                   ; registro7:inst13|lpm_shiftreg:LPM_SHIFTREG_component|dffs[3]                                   ; SCL            ; SCL         ; 0.000        ; 0.042      ; 0.330      ;
; 0.288  ; I2C_maquina_estado:inst|fstate.R_W                                                             ; I2C_maquina_estado:inst|fstate.AC                                                              ; SCL            ; SCL         ; 0.000        ; 0.043      ; 0.415      ;
; 0.299  ; contador_8:inst12|lpm_counter:LPM_COUNTER_component|cntr_5vj:auto_generated|counter_reg_bit[3] ; contador_8:inst12|lpm_counter:LPM_COUNTER_component|cntr_5vj:auto_generated|counter_reg_bit[3] ; SCL            ; SCL         ; 0.000        ; 0.042      ; 0.425      ;
; 0.299  ; contador7:inst4|lpm_counter:LPM_COUNTER_component|cntr_tki:auto_generated|counter_reg_bit[1]   ; contador7:inst4|lpm_counter:LPM_COUNTER_component|cntr_tki:auto_generated|counter_reg_bit[1]   ; SCL            ; SCL         ; 0.000        ; 0.042      ; 0.425      ;
; 0.300  ; contador7:inst4|lpm_counter:LPM_COUNTER_component|cntr_tki:auto_generated|counter_reg_bit[2]   ; contador7:inst4|lpm_counter:LPM_COUNTER_component|cntr_tki:auto_generated|counter_reg_bit[2]   ; SCL            ; SCL         ; 0.000        ; 0.042      ; 0.426      ;
; 0.301  ; contador_8:inst12|lpm_counter:LPM_COUNTER_component|cntr_5vj:auto_generated|counter_reg_bit[2] ; contador_8:inst12|lpm_counter:LPM_COUNTER_component|cntr_5vj:auto_generated|counter_reg_bit[2] ; SCL            ; SCL         ; 0.000        ; 0.042      ; 0.427      ;
; 0.305  ; contador_8:inst12|lpm_counter:LPM_COUNTER_component|cntr_5vj:auto_generated|counter_reg_bit[1] ; contador_8:inst12|lpm_counter:LPM_COUNTER_component|cntr_5vj:auto_generated|counter_reg_bit[1] ; SCL            ; SCL         ; 0.000        ; 0.042      ; 0.431      ;
; 0.310  ; contador7:inst4|lpm_counter:LPM_COUNTER_component|cntr_tki:auto_generated|counter_reg_bit[0]   ; contador7:inst4|lpm_counter:LPM_COUNTER_component|cntr_tki:auto_generated|counter_reg_bit[0]   ; SCL            ; SCL         ; 0.000        ; 0.042      ; 0.436      ;
; 0.312  ; contador_8:inst12|lpm_counter:LPM_COUNTER_component|cntr_5vj:auto_generated|counter_reg_bit[0] ; contador_8:inst12|lpm_counter:LPM_COUNTER_component|cntr_5vj:auto_generated|counter_reg_bit[0] ; SCL            ; SCL         ; 0.000        ; 0.042      ; 0.438      ;
; 0.325  ; registro7:inst13|lpm_shiftreg:LPM_SHIFTREG_component|dffs[1]                                   ; registro7:inst13|lpm_shiftreg:LPM_SHIFTREG_component|dffs[2]                                   ; SCL            ; SCL         ; 0.000        ; 0.042      ; 0.451      ;
; 0.329  ; registro7:inst13|lpm_shiftreg:LPM_SHIFTREG_component|dffs[3]                                   ; registro7:inst13|lpm_shiftreg:LPM_SHIFTREG_component|dffs[4]                                   ; SCL            ; SCL         ; 0.000        ; 0.042      ; 0.455      ;
; 0.358  ; registro7:inst13|lpm_shiftreg:LPM_SHIFTREG_component|dffs[4]                                   ; registro7:inst13|lpm_shiftreg:LPM_SHIFTREG_component|dffs[5]                                   ; SCL            ; SCL         ; 0.000        ; 0.042      ; 0.484      ;
; 0.447  ; registro7:inst13|lpm_shiftreg:LPM_SHIFTREG_component|dffs[5]                                   ; registro7:inst13|lpm_shiftreg:LPM_SHIFTREG_component|dffs[6]                                   ; SCL            ; SCL         ; 0.000        ; 0.042      ; 0.573      ;
; 0.448  ; contador7:inst4|lpm_counter:LPM_COUNTER_component|cntr_tki:auto_generated|counter_reg_bit[1]   ; contador7:inst4|lpm_counter:LPM_COUNTER_component|cntr_tki:auto_generated|counter_reg_bit[2]   ; SCL            ; SCL         ; 0.000        ; 0.042      ; 0.574      ;
; 0.454  ; contador_8:inst12|lpm_counter:LPM_COUNTER_component|cntr_5vj:auto_generated|counter_reg_bit[1] ; contador_8:inst12|lpm_counter:LPM_COUNTER_component|cntr_5vj:auto_generated|counter_reg_bit[2] ; SCL            ; SCL         ; 0.000        ; 0.042      ; 0.580      ;
; 0.457  ; contador7:inst4|lpm_counter:LPM_COUNTER_component|cntr_tki:auto_generated|counter_reg_bit[0]   ; contador7:inst4|lpm_counter:LPM_COUNTER_component|cntr_tki:auto_generated|counter_reg_bit[1]   ; SCL            ; SCL         ; 0.000        ; 0.042      ; 0.583      ;
; 0.459  ; contador_8:inst12|lpm_counter:LPM_COUNTER_component|cntr_5vj:auto_generated|counter_reg_bit[2] ; contador_8:inst12|lpm_counter:LPM_COUNTER_component|cntr_5vj:auto_generated|counter_reg_bit[3] ; SCL            ; SCL         ; 0.000        ; 0.042      ; 0.585      ;
; 0.459  ; contador_8:inst12|lpm_counter:LPM_COUNTER_component|cntr_5vj:auto_generated|counter_reg_bit[0] ; contador_8:inst12|lpm_counter:LPM_COUNTER_component|cntr_5vj:auto_generated|counter_reg_bit[1] ; SCL            ; SCL         ; 0.000        ; 0.042      ; 0.585      ;
; 0.460  ; contador7:inst4|lpm_counter:LPM_COUNTER_component|cntr_tki:auto_generated|counter_reg_bit[0]   ; contador7:inst4|lpm_counter:LPM_COUNTER_component|cntr_tki:auto_generated|counter_reg_bit[2]   ; SCL            ; SCL         ; 0.000        ; 0.042      ; 0.586      ;
; 0.462  ; contador_8:inst12|lpm_counter:LPM_COUNTER_component|cntr_5vj:auto_generated|counter_reg_bit[0] ; contador_8:inst12|lpm_counter:LPM_COUNTER_component|cntr_5vj:auto_generated|counter_reg_bit[2] ; SCL            ; SCL         ; 0.000        ; 0.042      ; 0.588      ;
; 0.470  ; registro7:inst13|lpm_shiftreg:LPM_SHIFTREG_component|dffs[0]                                   ; registro7:inst13|lpm_shiftreg:LPM_SHIFTREG_component|dffs[1]                                   ; SCL            ; SCL         ; 0.000        ; 0.042      ; 0.596      ;
; 0.491  ; registro7:DIRECCION|lpm_shiftreg:LPM_SHIFTREG_component|dffs[2]                                ; I2C_maquina_estado:inst|fstate.R_W                                                             ; Clock_registro ; SCL         ; 0.000        ; 0.064      ; 0.679      ;
; 0.517  ; contador_8:inst12|lpm_counter:LPM_COUNTER_component|cntr_5vj:auto_generated|counter_reg_bit[1] ; contador_8:inst12|lpm_counter:LPM_COUNTER_component|cntr_5vj:auto_generated|counter_reg_bit[3] ; SCL            ; SCL         ; 0.000        ; 0.042      ; 0.643      ;
; 0.525  ; contador_8:inst12|lpm_counter:LPM_COUNTER_component|cntr_5vj:auto_generated|counter_reg_bit[0] ; contador_8:inst12|lpm_counter:LPM_COUNTER_component|cntr_5vj:auto_generated|counter_reg_bit[3] ; SCL            ; SCL         ; 0.000        ; 0.042      ; 0.651      ;
; 0.533  ; registro7:DIRECCION|lpm_shiftreg:LPM_SHIFTREG_component|dffs[3]                                ; I2C_maquina_estado:inst|fstate.R_W                                                             ; Clock_registro ; SCL         ; 0.000        ; 0.064      ; 0.721      ;
; 0.535  ; registro7:DIRECCION|lpm_shiftreg:LPM_SHIFTREG_component|dffs[3]                                ; I2C_maquina_estado:inst|fstate.Oscioso                                                         ; Clock_registro ; SCL         ; 0.000        ; 0.064      ; 0.723      ;
; 0.535  ; registro7:DIRECCION|lpm_shiftreg:LPM_SHIFTREG_component|dffs[6]                                ; I2C_maquina_estado:inst|fstate.R_W                                                             ; Clock_registro ; SCL         ; 0.000        ; 0.064      ; 0.723      ;
; 0.546  ; registro7:DIRECCION|lpm_shiftreg:LPM_SHIFTREG_component|dffs[4]                                ; I2C_maquina_estado:inst|fstate.R_W                                                             ; Clock_registro ; SCL         ; 0.000        ; 0.064      ; 0.734      ;
; 0.583  ; registro7:DIRECCION|lpm_shiftreg:LPM_SHIFTREG_component|dffs[1]                                ; I2C_maquina_estado:inst|fstate.R_W                                                             ; Clock_registro ; SCL         ; 0.000        ; 0.064      ; 0.771      ;
; 0.590  ; registro7:DIRECCION|lpm_shiftreg:LPM_SHIFTREG_component|dffs[5]                                ; I2C_maquina_estado:inst|fstate.R_W                                                             ; Clock_registro ; SCL         ; 0.000        ; 0.064      ; 0.778      ;
; 0.592  ; registro7:DIRECCION|lpm_shiftreg:LPM_SHIFTREG_component|dffs[1]                                ; I2C_maquina_estado:inst|fstate.Oscioso                                                         ; Clock_registro ; SCL         ; 0.000        ; 0.064      ; 0.780      ;
; 0.658  ; registro7:DIRECCION|lpm_shiftreg:LPM_SHIFTREG_component|dffs[6]                                ; I2C_maquina_estado:inst|fstate.Oscioso                                                         ; Clock_registro ; SCL         ; 0.000        ; 0.064      ; 0.846      ;
; 0.666  ; registro7:DIRECCION|lpm_shiftreg:LPM_SHIFTREG_component|dffs[0]                                ; I2C_maquina_estado:inst|fstate.R_W                                                             ; Clock_registro ; SCL         ; 0.000        ; 0.064      ; 0.854      ;
; 0.667  ; registro7:DIRECCION|lpm_shiftreg:LPM_SHIFTREG_component|dffs[2]                                ; I2C_maquina_estado:inst|fstate.Oscioso                                                         ; Clock_registro ; SCL         ; 0.000        ; 0.064      ; 0.855      ;
; 0.668  ; registro7:DIRECCION|lpm_shiftreg:LPM_SHIFTREG_component|dffs[0]                                ; I2C_maquina_estado:inst|fstate.Oscioso                                                         ; Clock_registro ; SCL         ; 0.000        ; 0.064      ; 0.856      ;
; 0.669  ; registro7:DIRECCION|lpm_shiftreg:LPM_SHIFTREG_component|dffs[4]                                ; I2C_maquina_estado:inst|fstate.Oscioso                                                         ; Clock_registro ; SCL         ; 0.000        ; 0.064      ; 0.857      ;
; 0.766  ; registro7:DIRECCION|lpm_shiftreg:LPM_SHIFTREG_component|dffs[5]                                ; I2C_maquina_estado:inst|fstate.Oscioso                                                         ; Clock_registro ; SCL         ; 0.000        ; 0.064      ; 0.954      ;
; 0.912  ; contador_8:inst12|lpm_counter:LPM_COUNTER_component|cntr_5vj:auto_generated|counter_reg_bit[3] ; contador_8:inst12|lpm_counter:LPM_COUNTER_component|cntr_5vj:auto_generated|counter_reg_bit[0] ; SCL            ; SCL         ; 0.000        ; 0.042      ; 1.038      ;
; 0.912  ; contador_8:inst12|lpm_counter:LPM_COUNTER_component|cntr_5vj:auto_generated|counter_reg_bit[3] ; contador_8:inst12|lpm_counter:LPM_COUNTER_component|cntr_5vj:auto_generated|counter_reg_bit[1] ; SCL            ; SCL         ; 0.000        ; 0.042      ; 1.038      ;
; 0.912  ; contador_8:inst12|lpm_counter:LPM_COUNTER_component|cntr_5vj:auto_generated|counter_reg_bit[3] ; contador_8:inst12|lpm_counter:LPM_COUNTER_component|cntr_5vj:auto_generated|counter_reg_bit[2] ; SCL            ; SCL         ; 0.000        ; 0.042      ; 1.038      ;
; 0.982  ; contador_8:inst12|lpm_counter:LPM_COUNTER_component|cntr_5vj:auto_generated|counter_reg_bit[2] ; contador_8:inst12|lpm_counter:LPM_COUNTER_component|cntr_5vj:auto_generated|counter_reg_bit[0] ; SCL            ; SCL         ; 0.000        ; 0.042      ; 1.108      ;
; 0.982  ; contador_8:inst12|lpm_counter:LPM_COUNTER_component|cntr_5vj:auto_generated|counter_reg_bit[2] ; contador_8:inst12|lpm_counter:LPM_COUNTER_component|cntr_5vj:auto_generated|counter_reg_bit[1] ; SCL            ; SCL         ; 0.000        ; 0.042      ; 1.108      ;
; 1.002  ; contador_8:inst12|lpm_counter:LPM_COUNTER_component|cntr_5vj:auto_generated|counter_reg_bit[1] ; contador_8:inst12|lpm_counter:LPM_COUNTER_component|cntr_5vj:auto_generated|counter_reg_bit[0] ; SCL            ; SCL         ; 0.000        ; 0.042      ; 1.128      ;
; 1.087  ; I2C_maquina_estado:inst|fstate.guardar_dato                                                    ; I2C_maquina_estado:inst|fstate.Oscioso                                                         ; SCL            ; SCL         ; 0.000        ; -0.467     ; 0.704      ;
; 1.135  ; I2C_maquina_estado:inst|fstate.Oscioso                                                         ; I2C_maquina_estado:inst|fstate.Oscioso                                                         ; SCL            ; SCL         ; 0.000        ; 0.043      ; 1.262      ;
; 1.219  ; I2C_maquina_estado:inst|fstate.Guardar_dir                                                     ; I2C_maquina_estado:inst|fstate.Oscioso                                                         ; SCL            ; SCL         ; 0.000        ; -0.434     ; 0.869      ;
; 1.228  ; I2C_maquina_estado:inst|fstate.Guardar_dir                                                     ; I2C_maquina_estado:inst|fstate.R_W                                                             ; SCL            ; SCL         ; 0.000        ; -0.434     ; 0.878      ;
; 1.962  ; contador_8:inst12|lpm_counter:LPM_COUNTER_component|cntr_5vj:auto_generated|counter_reg_bit[3] ; I2C_maquina_estado:inst|fstate.guardar_dato                                                    ; SCL            ; SCL         ; 0.000        ; -1.199     ; 0.847      ;
; 1.976  ; contador_8:inst12|lpm_counter:LPM_COUNTER_component|cntr_5vj:auto_generated|counter_reg_bit[2] ; I2C_maquina_estado:inst|fstate.guardar_dato                                                    ; SCL            ; SCL         ; 0.000        ; -1.199     ; 0.861      ;
; 2.034  ; contador_8:inst12|lpm_counter:LPM_COUNTER_component|cntr_5vj:auto_generated|counter_reg_bit[1] ; I2C_maquina_estado:inst|fstate.guardar_dato                                                    ; SCL            ; SCL         ; 0.000        ; -1.199     ; 0.919      ;
; 2.042  ; contador_8:inst12|lpm_counter:LPM_COUNTER_component|cntr_5vj:auto_generated|counter_reg_bit[0] ; I2C_maquina_estado:inst|fstate.guardar_dato                                                    ; SCL            ; SCL         ; 0.000        ; -1.199     ; 0.927      ;
; 2.147  ; contador7:inst4|lpm_counter:LPM_COUNTER_component|cntr_tki:auto_generated|counter_reg_bit[2]   ; I2C_maquina_estado:inst|fstate.Guardar_dir                                                     ; SCL            ; SCL         ; 0.000        ; -1.250     ; 0.981      ;
; 2.200  ; contador7:inst4|lpm_counter:LPM_COUNTER_component|cntr_tki:auto_generated|counter_reg_bit[1]   ; I2C_maquina_estado:inst|fstate.Guardar_dir                                                     ; SCL            ; SCL         ; 0.000        ; -1.250     ; 1.034      ;
; 2.212  ; contador7:inst4|lpm_counter:LPM_COUNTER_component|cntr_tki:auto_generated|counter_reg_bit[0]   ; I2C_maquina_estado:inst|fstate.Guardar_dir                                                     ; SCL            ; SCL         ; 0.000        ; -1.250     ; 1.046      ;
; 2.360  ; registro7:inst13|lpm_shiftreg:LPM_SHIFTREG_component|dffs[5]                                   ; I2C_maquina_estado:inst|fstate.R_W                                                             ; SCL            ; SCL         ; 0.000        ; -1.776     ; 0.668      ;
; 2.505  ; registro7:inst13|lpm_shiftreg:LPM_SHIFTREG_component|dffs[2]                                   ; I2C_maquina_estado:inst|fstate.R_W                                                             ; SCL            ; SCL         ; 0.000        ; -1.776     ; 0.813      ;
; 2.536  ; registro7:inst13|lpm_shiftreg:LPM_SHIFTREG_component|dffs[5]                                   ; I2C_maquina_estado:inst|fstate.Oscioso                                                         ; SCL            ; SCL         ; 0.000        ; -1.776     ; 0.844      ;
; 2.555  ; registro7:inst13|lpm_shiftreg:LPM_SHIFTREG_component|dffs[4]                                   ; I2C_maquina_estado:inst|fstate.R_W                                                             ; SCL            ; SCL         ; 0.000        ; -1.776     ; 0.863      ;
; 2.592  ; registro7:inst13|lpm_shiftreg:LPM_SHIFTREG_component|dffs[6]                                   ; I2C_maquina_estado:inst|fstate.R_W                                                             ; SCL            ; SCL         ; 0.000        ; -1.776     ; 0.900      ;
; 2.608  ; registro7:inst13|lpm_shiftreg:LPM_SHIFTREG_component|dffs[3]                                   ; I2C_maquina_estado:inst|fstate.R_W                                                             ; SCL            ; SCL         ; 0.000        ; -1.776     ; 0.916      ;
; 2.611  ; registro7:inst13|lpm_shiftreg:LPM_SHIFTREG_component|dffs[3]                                   ; I2C_maquina_estado:inst|fstate.Oscioso                                                         ; SCL            ; SCL         ; 0.000        ; -1.776     ; 0.919      ;
; 2.655  ; contador7:inst4|lpm_counter:LPM_COUNTER_component|cntr_tki:auto_generated|counter_reg_bit[2]   ; I2C_maquina_estado:inst|fstate.Oscioso                                                         ; SCL            ; SCL         ; 0.000        ; -1.768     ; 0.971      ;
; 2.658  ; registro7:inst13|lpm_shiftreg:LPM_SHIFTREG_component|dffs[1]                                   ; I2C_maquina_estado:inst|fstate.R_W                                                             ; SCL            ; SCL         ; 0.000        ; -1.776     ; 0.966      ;
; 2.667  ; registro7:inst13|lpm_shiftreg:LPM_SHIFTREG_component|dffs[1]                                   ; I2C_maquina_estado:inst|fstate.Oscioso                                                         ; SCL            ; SCL         ; 0.000        ; -1.776     ; 0.975      ;
; 2.677  ; contador_8:inst12|lpm_counter:LPM_COUNTER_component|cntr_5vj:auto_generated|counter_reg_bit[3] ; I2C_maquina_estado:inst|fstate.Oscioso                                                         ; SCL            ; SCL         ; 0.000        ; -1.751     ; 1.010      ;
; 2.678  ; registro7:inst13|lpm_shiftreg:LPM_SHIFTREG_component|dffs[4]                                   ; I2C_maquina_estado:inst|fstate.Oscioso                                                         ; SCL            ; SCL         ; 0.000        ; -1.776     ; 0.986      ;
; 2.681  ; registro7:inst13|lpm_shiftreg:LPM_SHIFTREG_component|dffs[2]                                   ; I2C_maquina_estado:inst|fstate.Oscioso                                                         ; SCL            ; SCL         ; 0.000        ; -1.776     ; 0.989      ;
; 2.708  ; contador7:inst4|lpm_counter:LPM_COUNTER_component|cntr_tki:auto_generated|counter_reg_bit[1]   ; I2C_maquina_estado:inst|fstate.Oscioso                                                         ; SCL            ; SCL         ; 0.000        ; -1.768     ; 1.024      ;
; 2.715  ; registro7:inst13|lpm_shiftreg:LPM_SHIFTREG_component|dffs[6]                                   ; I2C_maquina_estado:inst|fstate.Oscioso                                                         ; SCL            ; SCL         ; 0.000        ; -1.776     ; 1.023      ;
; 2.720  ; contador7:inst4|lpm_counter:LPM_COUNTER_component|cntr_tki:auto_generated|counter_reg_bit[0]   ; I2C_maquina_estado:inst|fstate.Oscioso                                                         ; SCL            ; SCL         ; 0.000        ; -1.768     ; 1.036      ;
; 2.736  ; contador_8:inst12|lpm_counter:LPM_COUNTER_component|cntr_5vj:auto_generated|counter_reg_bit[2] ; I2C_maquina_estado:inst|fstate.Oscioso                                                         ; SCL            ; SCL         ; 0.000        ; -1.751     ; 1.069      ;
; 2.744  ; contador7:inst4|lpm_counter:LPM_COUNTER_component|cntr_tki:auto_generated|counter_reg_bit[2]   ; I2C_maquina_estado:inst|fstate.R_W                                                             ; SCL            ; SCL         ; 0.000        ; -1.768     ; 1.060      ;
; 2.767  ; contador_8:inst12|lpm_counter:LPM_COUNTER_component|cntr_5vj:auto_generated|counter_reg_bit[1] ; I2C_maquina_estado:inst|fstate.Oscioso                                                         ; SCL            ; SCL         ; 0.000        ; -1.751     ; 1.100      ;
; 2.771  ; contador_8:inst12|lpm_counter:LPM_COUNTER_component|cntr_5vj:auto_generated|counter_reg_bit[0] ; I2C_maquina_estado:inst|fstate.Oscioso                                                         ; SCL            ; SCL         ; 0.000        ; -1.751     ; 1.104      ;
; 2.790  ; registro7:inst13|lpm_shiftreg:LPM_SHIFTREG_component|dffs[0]                                   ; I2C_maquina_estado:inst|fstate.R_W                                                             ; SCL            ; SCL         ; 0.000        ; -1.776     ; 1.098      ;
; 2.792  ; registro7:inst13|lpm_shiftreg:LPM_SHIFTREG_component|dffs[0]                                   ; I2C_maquina_estado:inst|fstate.Oscioso                                                         ; SCL            ; SCL         ; 0.000        ; -1.776     ; 1.100      ;
; 2.797  ; contador7:inst4|lpm_counter:LPM_COUNTER_component|cntr_tki:auto_generated|counter_reg_bit[1]   ; I2C_maquina_estado:inst|fstate.R_W                                                             ; SCL            ; SCL         ; 0.000        ; -1.768     ; 1.113      ;
; 2.809  ; contador7:inst4|lpm_counter:LPM_COUNTER_component|cntr_tki:auto_generated|counter_reg_bit[0]   ; I2C_maquina_estado:inst|fstate.R_W                                                             ; SCL            ; SCL         ; 0.000        ; -1.768     ; 1.125      ;
+--------+------------------------------------------------------------------------------------------------+------------------------------------------------------------------------------------------------+----------------+-------------+--------------+------------+------------+


+----------------------------------------------------------------------------------------------------------------------------------------------------------------------------------------------------------------------+
; Fast 1200mV 0C Model Hold: 'Clock_registro'                                                                                                                                                                          ;
+-------+-----------------------------------------------------------------+-----------------------------------------------------------------+----------------+----------------+--------------+------------+------------+
; Slack ; From Node                                                       ; To Node                                                         ; Launch Clock   ; Latch Clock    ; Relationship ; Clock Skew ; Data Delay ;
+-------+-----------------------------------------------------------------+-----------------------------------------------------------------+----------------+----------------+--------------+------------+------------+
; 0.191 ; registro7:DIRECCION|lpm_shiftreg:LPM_SHIFTREG_component|dffs[1] ; registro7:DIRECCION|lpm_shiftreg:LPM_SHIFTREG_component|dffs[2] ; Clock_registro ; Clock_registro ; 0.000        ; 0.042      ; 0.317      ;
; 0.192 ; registro7:DIRECCION|lpm_shiftreg:LPM_SHIFTREG_component|dffs[2] ; registro7:DIRECCION|lpm_shiftreg:LPM_SHIFTREG_component|dffs[3] ; Clock_registro ; Clock_registro ; 0.000        ; 0.042      ; 0.318      ;
; 0.192 ; registro7:DIRECCION|lpm_shiftreg:LPM_SHIFTREG_component|dffs[3] ; registro7:DIRECCION|lpm_shiftreg:LPM_SHIFTREG_component|dffs[4] ; Clock_registro ; Clock_registro ; 0.000        ; 0.042      ; 0.318      ;
; 0.192 ; registro7:DIRECCION|lpm_shiftreg:LPM_SHIFTREG_component|dffs[4] ; registro7:DIRECCION|lpm_shiftreg:LPM_SHIFTREG_component|dffs[5] ; Clock_registro ; Clock_registro ; 0.000        ; 0.042      ; 0.318      ;
; 0.201 ; registro7:DIRECCION|lpm_shiftreg:LPM_SHIFTREG_component|dffs[0] ; registro7:DIRECCION|lpm_shiftreg:LPM_SHIFTREG_component|dffs[1] ; Clock_registro ; Clock_registro ; 0.000        ; 0.042      ; 0.327      ;
; 0.269 ; registro7:DIRECCION|lpm_shiftreg:LPM_SHIFTREG_component|dffs[5] ; registro7:DIRECCION|lpm_shiftreg:LPM_SHIFTREG_component|dffs[6] ; Clock_registro ; Clock_registro ; 0.000        ; 0.042      ; 0.395      ;
+-------+-----------------------------------------------------------------+-----------------------------------------------------------------+----------------+----------------+--------------+------------+------------+


+---------------------------------------------------------------------------------------------------------------------------------------------------------------------------------+
; Fast 1200mV 0C Model Minimum Pulse Width: 'SCL'                                                                                                                                 ;
+--------+--------------+----------------+------------------+-------+------------+------------------------------------------------------------------------------------------------+
; Slack  ; Actual Width ; Required Width ; Type             ; Clock ; Clock Edge ; Target                                                                                         ;
+--------+--------------+----------------+------------------+-------+------------+------------------------------------------------------------------------------------------------+
; -3.000 ; 1.000        ; 4.000          ; Port Rate        ; SCL   ; Rise       ; SCL                                                                                            ;
; -1.000 ; 1.000        ; 2.000          ; Min Period       ; SCL   ; Rise       ; I2C_maquina_estado:inst|fstate.AC                                                              ;
; -1.000 ; 1.000        ; 2.000          ; Min Period       ; SCL   ; Rise       ; I2C_maquina_estado:inst|fstate.Guardar_dir                                                     ;
; -1.000 ; 1.000        ; 2.000          ; Min Period       ; SCL   ; Rise       ; I2C_maquina_estado:inst|fstate.Oscioso                                                         ;
; -1.000 ; 1.000        ; 2.000          ; Min Period       ; SCL   ; Rise       ; I2C_maquina_estado:inst|fstate.R_W                                                             ;
; -1.000 ; 1.000        ; 2.000          ; Min Period       ; SCL   ; Rise       ; I2C_maquina_estado:inst|fstate.guardar_dato                                                    ;
; -1.000 ; 1.000        ; 2.000          ; Min Period       ; SCL   ; Rise       ; contador7:inst4|lpm_counter:LPM_COUNTER_component|cntr_tki:auto_generated|counter_reg_bit[0]   ;
; -1.000 ; 1.000        ; 2.000          ; Min Period       ; SCL   ; Rise       ; contador7:inst4|lpm_counter:LPM_COUNTER_component|cntr_tki:auto_generated|counter_reg_bit[1]   ;
; -1.000 ; 1.000        ; 2.000          ; Min Period       ; SCL   ; Rise       ; contador7:inst4|lpm_counter:LPM_COUNTER_component|cntr_tki:auto_generated|counter_reg_bit[2]   ;
; -1.000 ; 1.000        ; 2.000          ; Min Period       ; SCL   ; Rise       ; contador_8:inst12|lpm_counter:LPM_COUNTER_component|cntr_5vj:auto_generated|counter_reg_bit[0] ;
; -1.000 ; 1.000        ; 2.000          ; Min Period       ; SCL   ; Rise       ; contador_8:inst12|lpm_counter:LPM_COUNTER_component|cntr_5vj:auto_generated|counter_reg_bit[1] ;
; -1.000 ; 1.000        ; 2.000          ; Min Period       ; SCL   ; Rise       ; contador_8:inst12|lpm_counter:LPM_COUNTER_component|cntr_5vj:auto_generated|counter_reg_bit[2] ;
; -1.000 ; 1.000        ; 2.000          ; Min Period       ; SCL   ; Rise       ; contador_8:inst12|lpm_counter:LPM_COUNTER_component|cntr_5vj:auto_generated|counter_reg_bit[3] ;
; -1.000 ; 1.000        ; 2.000          ; Min Period       ; SCL   ; Rise       ; registro7:inst13|lpm_shiftreg:LPM_SHIFTREG_component|dffs[0]                                   ;
; -1.000 ; 1.000        ; 2.000          ; Min Period       ; SCL   ; Rise       ; registro7:inst13|lpm_shiftreg:LPM_SHIFTREG_component|dffs[1]                                   ;
; -1.000 ; 1.000        ; 2.000          ; Min Period       ; SCL   ; Rise       ; registro7:inst13|lpm_shiftreg:LPM_SHIFTREG_component|dffs[2]                                   ;
; -1.000 ; 1.000        ; 2.000          ; Min Period       ; SCL   ; Rise       ; registro7:inst13|lpm_shiftreg:LPM_SHIFTREG_component|dffs[3]                                   ;
; -1.000 ; 1.000        ; 2.000          ; Min Period       ; SCL   ; Rise       ; registro7:inst13|lpm_shiftreg:LPM_SHIFTREG_component|dffs[4]                                   ;
; -1.000 ; 1.000        ; 2.000          ; Min Period       ; SCL   ; Rise       ; registro7:inst13|lpm_shiftreg:LPM_SHIFTREG_component|dffs[5]                                   ;
; -1.000 ; 1.000        ; 2.000          ; Min Period       ; SCL   ; Rise       ; registro7:inst13|lpm_shiftreg:LPM_SHIFTREG_component|dffs[6]                                   ;
; -1.000 ; 1.000        ; 2.000          ; Min Period       ; SCL   ; Rise       ; registro8:inst14|lpm_shiftreg:LPM_SHIFTREG_component|dffs[0]                                   ;
; -1.000 ; 1.000        ; 2.000          ; Min Period       ; SCL   ; Rise       ; registro8:inst14|lpm_shiftreg:LPM_SHIFTREG_component|dffs[1]                                   ;
; -1.000 ; 1.000        ; 2.000          ; Min Period       ; SCL   ; Rise       ; registro8:inst14|lpm_shiftreg:LPM_SHIFTREG_component|dffs[2]                                   ;
; -1.000 ; 1.000        ; 2.000          ; Min Period       ; SCL   ; Rise       ; registro8:inst14|lpm_shiftreg:LPM_SHIFTREG_component|dffs[3]                                   ;
; -1.000 ; 1.000        ; 2.000          ; Min Period       ; SCL   ; Rise       ; registro8:inst14|lpm_shiftreg:LPM_SHIFTREG_component|dffs[4]                                   ;
; -1.000 ; 1.000        ; 2.000          ; Min Period       ; SCL   ; Rise       ; registro8:inst14|lpm_shiftreg:LPM_SHIFTREG_component|dffs[5]                                   ;
; -1.000 ; 1.000        ; 2.000          ; Min Period       ; SCL   ; Rise       ; registro8:inst14|lpm_shiftreg:LPM_SHIFTREG_component|dffs[6]                                   ;
; -1.000 ; 1.000        ; 2.000          ; Min Period       ; SCL   ; Rise       ; registro8:inst14|lpm_shiftreg:LPM_SHIFTREG_component|dffs[7]                                   ;
; -0.057 ; 0.127        ; 0.184          ; Low Pulse Width  ; SCL   ; Rise       ; I2C_maquina_estado:inst|fstate.AC                                                              ;
; -0.057 ; 0.127        ; 0.184          ; Low Pulse Width  ; SCL   ; Rise       ; I2C_maquina_estado:inst|fstate.Oscioso                                                         ;
; -0.057 ; 0.127        ; 0.184          ; Low Pulse Width  ; SCL   ; Rise       ; I2C_maquina_estado:inst|fstate.R_W                                                             ;
; 0.094  ; 0.278        ; 0.184          ; Low Pulse Width  ; SCL   ; Rise       ; contador7:inst4|lpm_counter:LPM_COUNTER_component|cntr_tki:auto_generated|counter_reg_bit[0]   ;
; 0.094  ; 0.278        ; 0.184          ; Low Pulse Width  ; SCL   ; Rise       ; contador7:inst4|lpm_counter:LPM_COUNTER_component|cntr_tki:auto_generated|counter_reg_bit[1]   ;
; 0.094  ; 0.278        ; 0.184          ; Low Pulse Width  ; SCL   ; Rise       ; contador7:inst4|lpm_counter:LPM_COUNTER_component|cntr_tki:auto_generated|counter_reg_bit[2]   ;
; 0.095  ; 0.279        ; 0.184          ; Low Pulse Width  ; SCL   ; Rise       ; registro7:inst13|lpm_shiftreg:LPM_SHIFTREG_component|dffs[0]                                   ;
; 0.095  ; 0.279        ; 0.184          ; Low Pulse Width  ; SCL   ; Rise       ; registro7:inst13|lpm_shiftreg:LPM_SHIFTREG_component|dffs[1]                                   ;
; 0.095  ; 0.279        ; 0.184          ; Low Pulse Width  ; SCL   ; Rise       ; registro7:inst13|lpm_shiftreg:LPM_SHIFTREG_component|dffs[2]                                   ;
; 0.095  ; 0.279        ; 0.184          ; Low Pulse Width  ; SCL   ; Rise       ; registro7:inst13|lpm_shiftreg:LPM_SHIFTREG_component|dffs[3]                                   ;
; 0.095  ; 0.279        ; 0.184          ; Low Pulse Width  ; SCL   ; Rise       ; registro7:inst13|lpm_shiftreg:LPM_SHIFTREG_component|dffs[4]                                   ;
; 0.095  ; 0.279        ; 0.184          ; Low Pulse Width  ; SCL   ; Rise       ; registro7:inst13|lpm_shiftreg:LPM_SHIFTREG_component|dffs[5]                                   ;
; 0.095  ; 0.279        ; 0.184          ; Low Pulse Width  ; SCL   ; Rise       ; registro7:inst13|lpm_shiftreg:LPM_SHIFTREG_component|dffs[6]                                   ;
; 0.119  ; 0.303        ; 0.184          ; Low Pulse Width  ; SCL   ; Rise       ; contador_8:inst12|lpm_counter:LPM_COUNTER_component|cntr_5vj:auto_generated|counter_reg_bit[0] ;
; 0.119  ; 0.303        ; 0.184          ; Low Pulse Width  ; SCL   ; Rise       ; contador_8:inst12|lpm_counter:LPM_COUNTER_component|cntr_5vj:auto_generated|counter_reg_bit[1] ;
; 0.119  ; 0.303        ; 0.184          ; Low Pulse Width  ; SCL   ; Rise       ; contador_8:inst12|lpm_counter:LPM_COUNTER_component|cntr_5vj:auto_generated|counter_reg_bit[2] ;
; 0.119  ; 0.303        ; 0.184          ; Low Pulse Width  ; SCL   ; Rise       ; contador_8:inst12|lpm_counter:LPM_COUNTER_component|cntr_5vj:auto_generated|counter_reg_bit[3] ;
; 0.119  ; 0.303        ; 0.184          ; Low Pulse Width  ; SCL   ; Rise       ; registro8:inst14|lpm_shiftreg:LPM_SHIFTREG_component|dffs[0]                                   ;
; 0.119  ; 0.303        ; 0.184          ; Low Pulse Width  ; SCL   ; Rise       ; registro8:inst14|lpm_shiftreg:LPM_SHIFTREG_component|dffs[1]                                   ;
; 0.119  ; 0.303        ; 0.184          ; Low Pulse Width  ; SCL   ; Rise       ; registro8:inst14|lpm_shiftreg:LPM_SHIFTREG_component|dffs[2]                                   ;
; 0.119  ; 0.303        ; 0.184          ; Low Pulse Width  ; SCL   ; Rise       ; registro8:inst14|lpm_shiftreg:LPM_SHIFTREG_component|dffs[3]                                   ;
; 0.119  ; 0.303        ; 0.184          ; Low Pulse Width  ; SCL   ; Rise       ; registro8:inst14|lpm_shiftreg:LPM_SHIFTREG_component|dffs[4]                                   ;
; 0.119  ; 0.303        ; 0.184          ; Low Pulse Width  ; SCL   ; Rise       ; registro8:inst14|lpm_shiftreg:LPM_SHIFTREG_component|dffs[5]                                   ;
; 0.119  ; 0.303        ; 0.184          ; Low Pulse Width  ; SCL   ; Rise       ; registro8:inst14|lpm_shiftreg:LPM_SHIFTREG_component|dffs[6]                                   ;
; 0.119  ; 0.303        ; 0.184          ; Low Pulse Width  ; SCL   ; Rise       ; registro8:inst14|lpm_shiftreg:LPM_SHIFTREG_component|dffs[7]                                   ;
; 0.122  ; 0.122        ; 0.000          ; Low Pulse Width  ; SCL   ; Rise       ; inst|fstate.AC|clk                                                                             ;
; 0.122  ; 0.122        ; 0.000          ; Low Pulse Width  ; SCL   ; Rise       ; inst|fstate.Oscioso|clk                                                                        ;
; 0.122  ; 0.122        ; 0.000          ; Low Pulse Width  ; SCL   ; Rise       ; inst|fstate.R_W|clk                                                                            ;
; 0.123  ; 0.123        ; 0.000          ; Low Pulse Width  ; SCL   ; Rise       ; SCL~input|o                                                                                    ;
; 0.136  ; 0.136        ; 0.000          ; Low Pulse Width  ; SCL   ; Rise       ; SCL~inputclkctrl|inclk[0]                                                                      ;
; 0.136  ; 0.136        ; 0.000          ; Low Pulse Width  ; SCL   ; Rise       ; SCL~inputclkctrl|outclk                                                                        ;
; 0.138  ; 0.322        ; 0.184          ; Low Pulse Width  ; SCL   ; Rise       ; I2C_maquina_estado:inst|fstate.Guardar_dir                                                     ;
; 0.148  ; 0.332        ; 0.184          ; Low Pulse Width  ; SCL   ; Rise       ; I2C_maquina_estado:inst|fstate.guardar_dato                                                    ;
; 0.272  ; 0.272        ; 0.000          ; Low Pulse Width  ; SCL   ; Rise       ; inst4|LPM_COUNTER_component|auto_generated|counter_reg_bit[0]|clk                              ;
; 0.272  ; 0.272        ; 0.000          ; Low Pulse Width  ; SCL   ; Rise       ; inst4|LPM_COUNTER_component|auto_generated|counter_reg_bit[1]|clk                              ;
; 0.272  ; 0.272        ; 0.000          ; Low Pulse Width  ; SCL   ; Rise       ; inst4|LPM_COUNTER_component|auto_generated|counter_reg_bit[2]|clk                              ;
; 0.273  ; 0.273        ; 0.000          ; Low Pulse Width  ; SCL   ; Rise       ; inst13|LPM_SHIFTREG_component|dffs[0]|clk                                                      ;
; 0.273  ; 0.273        ; 0.000          ; Low Pulse Width  ; SCL   ; Rise       ; inst13|LPM_SHIFTREG_component|dffs[1]|clk                                                      ;
; 0.273  ; 0.273        ; 0.000          ; Low Pulse Width  ; SCL   ; Rise       ; inst13|LPM_SHIFTREG_component|dffs[2]|clk                                                      ;
; 0.273  ; 0.273        ; 0.000          ; Low Pulse Width  ; SCL   ; Rise       ; inst13|LPM_SHIFTREG_component|dffs[3]|clk                                                      ;
; 0.273  ; 0.273        ; 0.000          ; Low Pulse Width  ; SCL   ; Rise       ; inst13|LPM_SHIFTREG_component|dffs[4]|clk                                                      ;
; 0.273  ; 0.273        ; 0.000          ; Low Pulse Width  ; SCL   ; Rise       ; inst13|LPM_SHIFTREG_component|dffs[5]|clk                                                      ;
; 0.273  ; 0.273        ; 0.000          ; Low Pulse Width  ; SCL   ; Rise       ; inst13|LPM_SHIFTREG_component|dffs[6]|clk                                                      ;
; 0.284  ; 0.284        ; 0.000          ; Low Pulse Width  ; SCL   ; Rise       ; inst2~clkctrl|inclk[0]                                                                         ;
; 0.284  ; 0.284        ; 0.000          ; Low Pulse Width  ; SCL   ; Rise       ; inst2~clkctrl|outclk                                                                           ;
; 0.297  ; 0.297        ; 0.000          ; Low Pulse Width  ; SCL   ; Rise       ; inst12|LPM_COUNTER_component|auto_generated|counter_reg_bit[0]|clk                             ;
; 0.297  ; 0.297        ; 0.000          ; Low Pulse Width  ; SCL   ; Rise       ; inst12|LPM_COUNTER_component|auto_generated|counter_reg_bit[1]|clk                             ;
; 0.297  ; 0.297        ; 0.000          ; Low Pulse Width  ; SCL   ; Rise       ; inst12|LPM_COUNTER_component|auto_generated|counter_reg_bit[2]|clk                             ;
; 0.297  ; 0.297        ; 0.000          ; Low Pulse Width  ; SCL   ; Rise       ; inst12|LPM_COUNTER_component|auto_generated|counter_reg_bit[3]|clk                             ;
; 0.297  ; 0.297        ; 0.000          ; Low Pulse Width  ; SCL   ; Rise       ; inst14|LPM_SHIFTREG_component|dffs[0]|clk                                                      ;
; 0.297  ; 0.297        ; 0.000          ; Low Pulse Width  ; SCL   ; Rise       ; inst14|LPM_SHIFTREG_component|dffs[1]|clk                                                      ;
; 0.297  ; 0.297        ; 0.000          ; Low Pulse Width  ; SCL   ; Rise       ; inst14|LPM_SHIFTREG_component|dffs[2]|clk                                                      ;
; 0.297  ; 0.297        ; 0.000          ; Low Pulse Width  ; SCL   ; Rise       ; inst14|LPM_SHIFTREG_component|dffs[3]|clk                                                      ;
; 0.297  ; 0.297        ; 0.000          ; Low Pulse Width  ; SCL   ; Rise       ; inst14|LPM_SHIFTREG_component|dffs[4]|clk                                                      ;
; 0.297  ; 0.297        ; 0.000          ; Low Pulse Width  ; SCL   ; Rise       ; inst14|LPM_SHIFTREG_component|dffs[5]|clk                                                      ;
; 0.297  ; 0.297        ; 0.000          ; Low Pulse Width  ; SCL   ; Rise       ; inst14|LPM_SHIFTREG_component|dffs[6]|clk                                                      ;
; 0.297  ; 0.297        ; 0.000          ; Low Pulse Width  ; SCL   ; Rise       ; inst14|LPM_SHIFTREG_component|dffs[7]|clk                                                      ;
; 0.308  ; 0.308        ; 0.000          ; Low Pulse Width  ; SCL   ; Rise       ; inst3~clkctrl|inclk[0]                                                                         ;
; 0.308  ; 0.308        ; 0.000          ; Low Pulse Width  ; SCL   ; Rise       ; inst3~clkctrl|outclk                                                                           ;
; 0.311  ; 0.311        ; 0.000          ; Low Pulse Width  ; SCL   ; Rise       ; inst2|datad                                                                                    ;
; 0.315  ; 0.315        ; 0.000          ; Low Pulse Width  ; SCL   ; Rise       ; inst2|combout                                                                                  ;
; 0.316  ; 0.316        ; 0.000          ; Low Pulse Width  ; SCL   ; Rise       ; inst|fstate.Guardar_dir|clk                                                                    ;
; 0.322  ; 0.322        ; 0.000          ; Low Pulse Width  ; SCL   ; Rise       ; inst3|combout                                                                                  ;
; 0.325  ; 0.325        ; 0.000          ; Low Pulse Width  ; SCL   ; Rise       ; inst3|datac                                                                                    ;
; 0.326  ; 0.326        ; 0.000          ; Low Pulse Width  ; SCL   ; Rise       ; inst|fstate.guardar_dato|clk                                                                   ;
; 0.445  ; 0.661        ; 0.216          ; High Pulse Width ; SCL   ; Rise       ; I2C_maquina_estado:inst|fstate.guardar_dato                                                    ;
; 0.456  ; 0.672        ; 0.216          ; High Pulse Width ; SCL   ; Rise       ; I2C_maquina_estado:inst|fstate.Guardar_dir                                                     ;
; 0.475  ; 0.691        ; 0.216          ; High Pulse Width ; SCL   ; Rise       ; contador_8:inst12|lpm_counter:LPM_COUNTER_component|cntr_5vj:auto_generated|counter_reg_bit[0] ;
; 0.475  ; 0.691        ; 0.216          ; High Pulse Width ; SCL   ; Rise       ; contador_8:inst12|lpm_counter:LPM_COUNTER_component|cntr_5vj:auto_generated|counter_reg_bit[1] ;
; 0.475  ; 0.691        ; 0.216          ; High Pulse Width ; SCL   ; Rise       ; contador_8:inst12|lpm_counter:LPM_COUNTER_component|cntr_5vj:auto_generated|counter_reg_bit[2] ;
; 0.475  ; 0.691        ; 0.216          ; High Pulse Width ; SCL   ; Rise       ; contador_8:inst12|lpm_counter:LPM_COUNTER_component|cntr_5vj:auto_generated|counter_reg_bit[3] ;
; 0.476  ; 0.692        ; 0.216          ; High Pulse Width ; SCL   ; Rise       ; registro8:inst14|lpm_shiftreg:LPM_SHIFTREG_component|dffs[0]                                   ;
+--------+--------------+----------------+------------------+-------+------------+------------------------------------------------------------------------------------------------+


+-----------------------------------------------------------------------------------------------------------------------------------------------------------+
; Fast 1200mV 0C Model Minimum Pulse Width: 'Clock_registro'                                                                                                ;
+--------+--------------+----------------+------------------+----------------+------------+-----------------------------------------------------------------+
; Slack  ; Actual Width ; Required Width ; Type             ; Clock          ; Clock Edge ; Target                                                          ;
+--------+--------------+----------------+------------------+----------------+------------+-----------------------------------------------------------------+
; -3.000 ; 1.000        ; 4.000          ; Port Rate        ; Clock_registro ; Rise       ; Clock_registro                                                  ;
; -1.000 ; 1.000        ; 2.000          ; Min Period       ; Clock_registro ; Rise       ; registro7:DIRECCION|lpm_shiftreg:LPM_SHIFTREG_component|dffs[0] ;
; -1.000 ; 1.000        ; 2.000          ; Min Period       ; Clock_registro ; Rise       ; registro7:DIRECCION|lpm_shiftreg:LPM_SHIFTREG_component|dffs[1] ;
; -1.000 ; 1.000        ; 2.000          ; Min Period       ; Clock_registro ; Rise       ; registro7:DIRECCION|lpm_shiftreg:LPM_SHIFTREG_component|dffs[2] ;
; -1.000 ; 1.000        ; 2.000          ; Min Period       ; Clock_registro ; Rise       ; registro7:DIRECCION|lpm_shiftreg:LPM_SHIFTREG_component|dffs[3] ;
; -1.000 ; 1.000        ; 2.000          ; Min Period       ; Clock_registro ; Rise       ; registro7:DIRECCION|lpm_shiftreg:LPM_SHIFTREG_component|dffs[4] ;
; -1.000 ; 1.000        ; 2.000          ; Min Period       ; Clock_registro ; Rise       ; registro7:DIRECCION|lpm_shiftreg:LPM_SHIFTREG_component|dffs[5] ;
; -1.000 ; 1.000        ; 2.000          ; Min Period       ; Clock_registro ; Rise       ; registro7:DIRECCION|lpm_shiftreg:LPM_SHIFTREG_component|dffs[6] ;
; -0.058 ; 0.126        ; 0.184          ; Low Pulse Width  ; Clock_registro ; Rise       ; registro7:DIRECCION|lpm_shiftreg:LPM_SHIFTREG_component|dffs[0] ;
; -0.058 ; 0.126        ; 0.184          ; Low Pulse Width  ; Clock_registro ; Rise       ; registro7:DIRECCION|lpm_shiftreg:LPM_SHIFTREG_component|dffs[1] ;
; -0.058 ; 0.126        ; 0.184          ; Low Pulse Width  ; Clock_registro ; Rise       ; registro7:DIRECCION|lpm_shiftreg:LPM_SHIFTREG_component|dffs[2] ;
; -0.058 ; 0.126        ; 0.184          ; Low Pulse Width  ; Clock_registro ; Rise       ; registro7:DIRECCION|lpm_shiftreg:LPM_SHIFTREG_component|dffs[3] ;
; -0.058 ; 0.126        ; 0.184          ; Low Pulse Width  ; Clock_registro ; Rise       ; registro7:DIRECCION|lpm_shiftreg:LPM_SHIFTREG_component|dffs[4] ;
; -0.058 ; 0.126        ; 0.184          ; Low Pulse Width  ; Clock_registro ; Rise       ; registro7:DIRECCION|lpm_shiftreg:LPM_SHIFTREG_component|dffs[5] ;
; -0.058 ; 0.126        ; 0.184          ; Low Pulse Width  ; Clock_registro ; Rise       ; registro7:DIRECCION|lpm_shiftreg:LPM_SHIFTREG_component|dffs[6] ;
; 0.122  ; 0.122        ; 0.000          ; Low Pulse Width  ; Clock_registro ; Rise       ; DIRECCION|LPM_SHIFTREG_component|dffs[0]|clk                    ;
; 0.122  ; 0.122        ; 0.000          ; Low Pulse Width  ; Clock_registro ; Rise       ; DIRECCION|LPM_SHIFTREG_component|dffs[1]|clk                    ;
; 0.122  ; 0.122        ; 0.000          ; Low Pulse Width  ; Clock_registro ; Rise       ; DIRECCION|LPM_SHIFTREG_component|dffs[2]|clk                    ;
; 0.122  ; 0.122        ; 0.000          ; Low Pulse Width  ; Clock_registro ; Rise       ; DIRECCION|LPM_SHIFTREG_component|dffs[3]|clk                    ;
; 0.122  ; 0.122        ; 0.000          ; Low Pulse Width  ; Clock_registro ; Rise       ; DIRECCION|LPM_SHIFTREG_component|dffs[4]|clk                    ;
; 0.122  ; 0.122        ; 0.000          ; Low Pulse Width  ; Clock_registro ; Rise       ; DIRECCION|LPM_SHIFTREG_component|dffs[5]|clk                    ;
; 0.122  ; 0.122        ; 0.000          ; Low Pulse Width  ; Clock_registro ; Rise       ; DIRECCION|LPM_SHIFTREG_component|dffs[6]|clk                    ;
; 0.123  ; 0.123        ; 0.000          ; Low Pulse Width  ; Clock_registro ; Rise       ; Clock_registro~input|o                                          ;
; 0.136  ; 0.136        ; 0.000          ; Low Pulse Width  ; Clock_registro ; Rise       ; Clock_registro~inputclkctrl|inclk[0]                            ;
; 0.136  ; 0.136        ; 0.000          ; Low Pulse Width  ; Clock_registro ; Rise       ; Clock_registro~inputclkctrl|outclk                              ;
; 0.500  ; 0.500        ; 0.000          ; High Pulse Width ; Clock_registro ; Rise       ; Clock_registro~input|i                                          ;
; 0.500  ; 0.500        ; 0.000          ; Low Pulse Width  ; Clock_registro ; Rise       ; Clock_registro~input|i                                          ;
; 0.656  ; 0.872        ; 0.216          ; High Pulse Width ; Clock_registro ; Rise       ; registro7:DIRECCION|lpm_shiftreg:LPM_SHIFTREG_component|dffs[0] ;
; 0.656  ; 0.872        ; 0.216          ; High Pulse Width ; Clock_registro ; Rise       ; registro7:DIRECCION|lpm_shiftreg:LPM_SHIFTREG_component|dffs[1] ;
; 0.656  ; 0.872        ; 0.216          ; High Pulse Width ; Clock_registro ; Rise       ; registro7:DIRECCION|lpm_shiftreg:LPM_SHIFTREG_component|dffs[2] ;
; 0.656  ; 0.872        ; 0.216          ; High Pulse Width ; Clock_registro ; Rise       ; registro7:DIRECCION|lpm_shiftreg:LPM_SHIFTREG_component|dffs[3] ;
; 0.656  ; 0.872        ; 0.216          ; High Pulse Width ; Clock_registro ; Rise       ; registro7:DIRECCION|lpm_shiftreg:LPM_SHIFTREG_component|dffs[4] ;
; 0.656  ; 0.872        ; 0.216          ; High Pulse Width ; Clock_registro ; Rise       ; registro7:DIRECCION|lpm_shiftreg:LPM_SHIFTREG_component|dffs[5] ;
; 0.656  ; 0.872        ; 0.216          ; High Pulse Width ; Clock_registro ; Rise       ; registro7:DIRECCION|lpm_shiftreg:LPM_SHIFTREG_component|dffs[6] ;
; 0.863  ; 0.863        ; 0.000          ; High Pulse Width ; Clock_registro ; Rise       ; Clock_registro~inputclkctrl|inclk[0]                            ;
; 0.863  ; 0.863        ; 0.000          ; High Pulse Width ; Clock_registro ; Rise       ; Clock_registro~inputclkctrl|outclk                              ;
; 0.877  ; 0.877        ; 0.000          ; High Pulse Width ; Clock_registro ; Rise       ; Clock_registro~input|o                                          ;
; 0.878  ; 0.878        ; 0.000          ; High Pulse Width ; Clock_registro ; Rise       ; DIRECCION|LPM_SHIFTREG_component|dffs[0]|clk                    ;
; 0.878  ; 0.878        ; 0.000          ; High Pulse Width ; Clock_registro ; Rise       ; DIRECCION|LPM_SHIFTREG_component|dffs[1]|clk                    ;
; 0.878  ; 0.878        ; 0.000          ; High Pulse Width ; Clock_registro ; Rise       ; DIRECCION|LPM_SHIFTREG_component|dffs[2]|clk                    ;
; 0.878  ; 0.878        ; 0.000          ; High Pulse Width ; Clock_registro ; Rise       ; DIRECCION|LPM_SHIFTREG_component|dffs[3]|clk                    ;
; 0.878  ; 0.878        ; 0.000          ; High Pulse Width ; Clock_registro ; Rise       ; DIRECCION|LPM_SHIFTREG_component|dffs[4]|clk                    ;
; 0.878  ; 0.878        ; 0.000          ; High Pulse Width ; Clock_registro ; Rise       ; DIRECCION|LPM_SHIFTREG_component|dffs[5]|clk                    ;
; 0.878  ; 0.878        ; 0.000          ; High Pulse Width ; Clock_registro ; Rise       ; DIRECCION|LPM_SHIFTREG_component|dffs[6]|clk                    ;
+--------+--------------+----------------+------------------+----------------+------------+-----------------------------------------------------------------+


+---------------------------------------------------------------------------------+
; Setup Times                                                                     ;
+-----------------+----------------+-------+-------+------------+-----------------+
; Data Port       ; Clock Port     ; Rise  ; Fall  ; Clock Edge ; Clock Reference ;
+-----------------+----------------+-------+-------+------------+-----------------+
; CARGA_DIRECCION ; Clock_registro ; 0.417 ; 0.993 ; Rise       ; Clock_registro  ;
; SDA             ; SCL            ; 1.346 ; 2.009 ; Rise       ; SCL             ;
; reset           ; SCL            ; 1.430 ; 1.625 ; Rise       ; SCL             ;
+-----------------+----------------+-------+-------+------------+-----------------+


+-----------------------------------------------------------------------------------+
; Hold Times                                                                        ;
+-----------------+----------------+--------+--------+------------+-----------------+
; Data Port       ; Clock Port     ; Rise   ; Fall   ; Clock Edge ; Clock Reference ;
+-----------------+----------------+--------+--------+------------+-----------------+
; CARGA_DIRECCION ; Clock_registro ; -0.201 ; -0.763 ; Rise       ; Clock_registro  ;
; SDA             ; SCL            ; 1.597  ; 1.024  ; Rise       ; SCL             ;
; reset           ; SCL            ; 0.040  ; -0.098 ; Rise       ; SCL             ;
+-----------------+----------------+--------+--------+------------+-----------------+


+-----------------------------------------------------------------------+
; Clock to Output Times                                                 ;
+-----------+------------+-------+-------+------------+-----------------+
; Data Port ; Clock Port ; Rise  ; Fall  ; Clock Edge ; Clock Reference ;
+-----------+------------+-------+-------+------------+-----------------+
; DATA[*]   ; SCL        ; 5.364 ; 5.462 ; Rise       ; SCL             ;
;  DATA[0]  ; SCL        ; 5.364 ; 5.462 ; Rise       ; SCL             ;
;  DATA[1]  ; SCL        ; 5.357 ; 5.447 ; Rise       ; SCL             ;
;  DATA[2]  ; SCL        ; 5.357 ; 5.448 ; Rise       ; SCL             ;
;  DATA[3]  ; SCL        ; 5.213 ; 5.284 ; Rise       ; SCL             ;
;  DATA[4]  ; SCL        ; 5.349 ; 5.438 ; Rise       ; SCL             ;
;  DATA[5]  ; SCL        ; 5.343 ; 5.435 ; Rise       ; SCL             ;
;  DATA[6]  ; SCL        ; 5.223 ; 5.294 ; Rise       ; SCL             ;
;  DATA[7]  ; SCL        ; 5.358 ; 5.456 ; Rise       ; SCL             ;
; DIRE[*]   ; SCL        ; 6.776 ; 7.100 ; Rise       ; SCL             ;
;  DIRE[0]  ; SCL        ; 5.353 ; 5.408 ; Rise       ; SCL             ;
;  DIRE[1]  ; SCL        ; 5.369 ; 5.431 ; Rise       ; SCL             ;
;  DIRE[2]  ; SCL        ; 5.221 ; 5.270 ; Rise       ; SCL             ;
;  DIRE[3]  ; SCL        ; 5.361 ; 5.422 ; Rise       ; SCL             ;
;  DIRE[4]  ; SCL        ; 5.343 ; 5.400 ; Rise       ; SCL             ;
;  DIRE[5]  ; SCL        ; 6.776 ; 7.100 ; Rise       ; SCL             ;
;  DIRE[6]  ; SCL        ; 5.385 ; 5.464 ; Rise       ; SCL             ;
; NC0       ; SCL        ; 5.258 ; 5.310 ; Rise       ; SCL             ;
; NC1       ; SCL        ; 5.248 ; 5.298 ; Rise       ; SCL             ;
; NC2       ; SCL        ; 5.313 ; 5.374 ; Rise       ; SCL             ;
; NC20      ; SCL        ; 5.351 ; 5.412 ; Rise       ; SCL             ;
; NC21      ; SCL        ; 5.310 ; 5.372 ; Rise       ; SCL             ;
; NC22      ; SCL        ; 5.464 ; 5.540 ; Rise       ; SCL             ;
; NC23      ; SCL        ; 5.244 ; 5.297 ; Rise       ; SCL             ;
+-----------+------------+-------+-------+------------+-----------------+


+-----------------------------------------------------------------------+
; Minimum Clock to Output Times                                         ;
+-----------+------------+-------+-------+------------+-----------------+
; Data Port ; Clock Port ; Rise  ; Fall  ; Clock Edge ; Clock Reference ;
+-----------+------------+-------+-------+------------+-----------------+
; DATA[*]   ; SCL        ; 5.069 ; 5.138 ; Rise       ; SCL             ;
;  DATA[0]  ; SCL        ; 5.214 ; 5.308 ; Rise       ; SCL             ;
;  DATA[1]  ; SCL        ; 5.206 ; 5.294 ; Rise       ; SCL             ;
;  DATA[2]  ; SCL        ; 5.206 ; 5.295 ; Rise       ; SCL             ;
;  DATA[3]  ; SCL        ; 5.069 ; 5.138 ; Rise       ; SCL             ;
;  DATA[4]  ; SCL        ; 5.198 ; 5.285 ; Rise       ; SCL             ;
;  DATA[5]  ; SCL        ; 5.193 ; 5.282 ; Rise       ; SCL             ;
;  DATA[6]  ; SCL        ; 5.079 ; 5.149 ; Rise       ; SCL             ;
;  DATA[7]  ; SCL        ; 5.208 ; 5.302 ; Rise       ; SCL             ;
; DIRE[*]   ; SCL        ; 5.071 ; 5.119 ; Rise       ; SCL             ;
;  DIRE[0]  ; SCL        ; 5.199 ; 5.252 ; Rise       ; SCL             ;
;  DIRE[1]  ; SCL        ; 5.215 ; 5.275 ; Rise       ; SCL             ;
;  DIRE[2]  ; SCL        ; 5.071 ; 5.119 ; Rise       ; SCL             ;
;  DIRE[3]  ; SCL        ; 5.207 ; 5.267 ; Rise       ; SCL             ;
;  DIRE[4]  ; SCL        ; 5.189 ; 5.244 ; Rise       ; SCL             ;
;  DIRE[5]  ; SCL        ; 6.565 ; 6.876 ; Rise       ; SCL             ;
;  DIRE[6]  ; SCL        ; 5.230 ; 5.306 ; Rise       ; SCL             ;
; NC0       ; SCL        ; 5.108 ; 5.158 ; Rise       ; SCL             ;
; NC1       ; SCL        ; 5.098 ; 5.147 ; Rise       ; SCL             ;
; NC2       ; SCL        ; 5.160 ; 5.219 ; Rise       ; SCL             ;
; NC20      ; SCL        ; 5.199 ; 5.258 ; Rise       ; SCL             ;
; NC21      ; SCL        ; 5.158 ; 5.218 ; Rise       ; SCL             ;
; NC22      ; SCL        ; 5.306 ; 5.380 ; Rise       ; SCL             ;
; NC23      ; SCL        ; 5.096 ; 5.147 ; Rise       ; SCL             ;
+-----------+------------+-------+-------+------------+-----------------+


+----------------------------------------------------------+
; Propagation Delay                                        ;
+------------+-------------+-------+-------+-------+-------+
; Input Port ; Output Port ; RR    ; RF    ; FR    ; FF    ;
+------------+-------------+-------+-------+-------+-------+
; reset      ; SDA         ; 4.708 ; 4.708 ; 4.792 ; 4.789 ;
+------------+-------------+-------+-------+-------+-------+


+----------------------------------------------------------+
; Minimum Propagation Delay                                ;
+------------+-------------+-------+-------+-------+-------+
; Input Port ; Output Port ; RR    ; RF    ; FR    ; FF    ;
+------------+-------------+-------+-------+-------+-------+
; reset      ; SDA         ; 3.845 ; 3.779 ; 3.873 ; 3.873 ;
+------------+-------------+-------+-------+-------+-------+


+-----------------------------------------------------------------------+
; Output Enable Times                                                   ;
+-----------+------------+-------+-------+------------+-----------------+
; Data Port ; Clock Port ; Rise  ; Fall  ; Clock Edge ; Clock Reference ;
+-----------+------------+-------+-------+------------+-----------------+
; SDA       ; SCL        ; 4.886 ; 4.883 ; Rise       ; SCL             ;
+-----------+------------+-------+-------+------------+-----------------+


+-----------------------------------------------------------------------+
; Minimum Output Enable Times                                           ;
+-----------+------------+-------+-------+------------+-----------------+
; Data Port ; Clock Port ; Rise  ; Fall  ; Clock Edge ; Clock Reference ;
+-----------+------------+-------+-------+------------+-----------------+
; SDA       ; SCL        ; 3.909 ; 3.909 ; Rise       ; SCL             ;
+-----------+------------+-------+-------+------------+-----------------+


+-------------------------------------------------------------------------------+
; Output Disable Times                                                          ;
+-----------+------------+-----------+-----------+------------+-----------------+
; Data Port ; Clock Port ; 0 to Hi-Z ; 1 to Hi-Z ; Clock Edge ; Clock Reference ;
+-----------+------------+-----------+-----------+------------+-----------------+
; SDA       ; SCL        ; 5.020     ; 5.020     ; Rise       ; SCL             ;
+-----------+------------+-----------+-----------+------------+-----------------+


+-------------------------------------------------------------------------------+
; Minimum Output Disable Times                                                  ;
+-----------+------------+-----------+-----------+------------+-----------------+
; Data Port ; Clock Port ; 0 to Hi-Z ; 1 to Hi-Z ; Clock Edge ; Clock Reference ;
+-----------+------------+-----------+-----------+------------+-----------------+
; SDA       ; SCL        ; 4.026     ; 4.092     ; Rise       ; SCL             ;
+-----------+------------+-----------+-----------+------------+-----------------+


---------------------------------------------
; Fast 1200mV 0C Model Metastability Report ;
---------------------------------------------
No synchronizer chains to report.


+--------------------------------------------------------------------------------+
; Multicorner Timing Analysis Summary                                            ;
+------------------+---------+--------+----------+---------+---------------------+
; Clock            ; Setup   ; Hold   ; Recovery ; Removal ; Minimum Pulse Width ;
+------------------+---------+--------+----------+---------+---------------------+
; Worst-case Slack ; -5.639  ; -0.045 ; N/A      ; N/A     ; -3.000              ;
;  Clock_registro  ; -0.066  ; 0.191  ; N/A      ; N/A     ; -3.000              ;
;  SCL             ; -5.639  ; -0.045 ; N/A      ; N/A     ; -3.000              ;
; Design-wide TNS  ; -32.317 ; -0.045 ; 0.0      ; 0.0     ; -49.69              ;
;  Clock_registro  ; -0.066  ; 0.000  ; N/A      ; N/A     ; -11.995             ;
;  SCL             ; -32.251 ; -0.045 ; N/A      ; N/A     ; -37.695             ;
+------------------+---------+--------+----------+---------+---------------------+


+---------------------------------------------------------------------------------+
; Setup Times                                                                     ;
+-----------------+----------------+-------+-------+------------+-----------------+
; Data Port       ; Clock Port     ; Rise  ; Fall  ; Clock Edge ; Clock Reference ;
+-----------------+----------------+-------+-------+------------+-----------------+
; CARGA_DIRECCION ; Clock_registro ; 0.972 ; 1.310 ; Rise       ; Clock_registro  ;
; SDA             ; SCL            ; 2.968 ; 3.312 ; Rise       ; SCL             ;
; reset           ; SCL            ; 2.754 ; 2.736 ; Rise       ; SCL             ;
+-----------------+----------------+-------+-------+------------+-----------------+


+-----------------------------------------------------------------------------------+
; Hold Times                                                                        ;
+-----------------+----------------+--------+--------+------------+-----------------+
; Data Port       ; Clock Port     ; Rise   ; Fall   ; Clock Edge ; Clock Reference ;
+-----------------+----------------+--------+--------+------------+-----------------+
; CARGA_DIRECCION ; Clock_registro ; -0.201 ; -0.649 ; Rise       ; Clock_registro  ;
; SDA             ; SCL            ; 2.753  ; 2.451  ; Rise       ; SCL             ;
; reset           ; SCL            ; 0.096  ; 0.129  ; Rise       ; SCL             ;
+-----------------+----------------+--------+--------+------------+-----------------+


+-------------------------------------------------------------------------+
; Clock to Output Times                                                   ;
+-----------+------------+--------+--------+------------+-----------------+
; Data Port ; Clock Port ; Rise   ; Fall   ; Clock Edge ; Clock Reference ;
+-----------+------------+--------+--------+------------+-----------------+
; DATA[*]   ; SCL        ; 10.004 ; 10.018 ; Rise       ; SCL             ;
;  DATA[0]  ; SCL        ; 10.004 ; 10.018 ; Rise       ; SCL             ;
;  DATA[1]  ; SCL        ; 9.963  ; 9.980  ; Rise       ; SCL             ;
;  DATA[2]  ; SCL        ; 9.970  ; 9.980  ; Rise       ; SCL             ;
;  DATA[3]  ; SCL        ; 9.669  ; 9.695  ; Rise       ; SCL             ;
;  DATA[4]  ; SCL        ; 9.963  ; 9.977  ; Rise       ; SCL             ;
;  DATA[5]  ; SCL        ; 9.952  ; 9.965  ; Rise       ; SCL             ;
;  DATA[6]  ; SCL        ; 9.681  ; 9.705  ; Rise       ; SCL             ;
;  DATA[7]  ; SCL        ; 9.976  ; 9.996  ; Rise       ; SCL             ;
; DIRE[*]   ; SCL        ; 12.706 ; 12.898 ; Rise       ; SCL             ;
;  DIRE[0]  ; SCL        ; 9.965  ; 9.922  ; Rise       ; SCL             ;
;  DIRE[1]  ; SCL        ; 9.992  ; 9.946  ; Rise       ; SCL             ;
;  DIRE[2]  ; SCL        ; 9.706  ; 9.679  ; Rise       ; SCL             ;
;  DIRE[3]  ; SCL        ; 9.976  ; 9.931  ; Rise       ; SCL             ;
;  DIRE[4]  ; SCL        ; 9.984  ; 9.930  ; Rise       ; SCL             ;
;  DIRE[5]  ; SCL        ; 12.706 ; 12.898 ; Rise       ; SCL             ;
;  DIRE[6]  ; SCL        ; 10.028 ; 9.994  ; Rise       ; SCL             ;
; NC0       ; SCL        ; 9.762  ; 9.741  ; Rise       ; SCL             ;
; NC1       ; SCL        ; 9.744  ; 9.721  ; Rise       ; SCL             ;
; NC2       ; SCL        ; 9.844  ; 9.839  ; Rise       ; SCL             ;
; NC20      ; SCL        ; 10.026 ; 9.972  ; Rise       ; SCL             ;
; NC21      ; SCL        ; 9.976  ; 9.918  ; Rise       ; SCL             ;
; NC22      ; SCL        ; 10.292 ; 10.228 ; Rise       ; SCL             ;
; NC23      ; SCL        ; 9.788  ; 9.764  ; Rise       ; SCL             ;
+-----------+------------+--------+--------+------------+-----------------+


+-----------------------------------------------------------------------+
; Minimum Clock to Output Times                                         ;
+-----------+------------+-------+-------+------------+-----------------+
; Data Port ; Clock Port ; Rise  ; Fall  ; Clock Edge ; Clock Reference ;
+-----------+------------+-------+-------+------------+-----------------+
; DATA[*]   ; SCL        ; 5.069 ; 5.138 ; Rise       ; SCL             ;
;  DATA[0]  ; SCL        ; 5.214 ; 5.308 ; Rise       ; SCL             ;
;  DATA[1]  ; SCL        ; 5.206 ; 5.294 ; Rise       ; SCL             ;
;  DATA[2]  ; SCL        ; 5.206 ; 5.295 ; Rise       ; SCL             ;
;  DATA[3]  ; SCL        ; 5.069 ; 5.138 ; Rise       ; SCL             ;
;  DATA[4]  ; SCL        ; 5.198 ; 5.285 ; Rise       ; SCL             ;
;  DATA[5]  ; SCL        ; 5.193 ; 5.282 ; Rise       ; SCL             ;
;  DATA[6]  ; SCL        ; 5.079 ; 5.149 ; Rise       ; SCL             ;
;  DATA[7]  ; SCL        ; 5.208 ; 5.302 ; Rise       ; SCL             ;
; DIRE[*]   ; SCL        ; 5.071 ; 5.119 ; Rise       ; SCL             ;
;  DIRE[0]  ; SCL        ; 5.199 ; 5.252 ; Rise       ; SCL             ;
;  DIRE[1]  ; SCL        ; 5.215 ; 5.275 ; Rise       ; SCL             ;
;  DIRE[2]  ; SCL        ; 5.071 ; 5.119 ; Rise       ; SCL             ;
;  DIRE[3]  ; SCL        ; 5.207 ; 5.267 ; Rise       ; SCL             ;
;  DIRE[4]  ; SCL        ; 5.189 ; 5.244 ; Rise       ; SCL             ;
;  DIRE[5]  ; SCL        ; 6.565 ; 6.876 ; Rise       ; SCL             ;
;  DIRE[6]  ; SCL        ; 5.230 ; 5.306 ; Rise       ; SCL             ;
; NC0       ; SCL        ; 5.108 ; 5.158 ; Rise       ; SCL             ;
; NC1       ; SCL        ; 5.098 ; 5.147 ; Rise       ; SCL             ;
; NC2       ; SCL        ; 5.160 ; 5.219 ; Rise       ; SCL             ;
; NC20      ; SCL        ; 5.199 ; 5.258 ; Rise       ; SCL             ;
; NC21      ; SCL        ; 5.158 ; 5.218 ; Rise       ; SCL             ;
; NC22      ; SCL        ; 5.306 ; 5.380 ; Rise       ; SCL             ;
; NC23      ; SCL        ; 5.096 ; 5.147 ; Rise       ; SCL             ;
+-----------+------------+-------+-------+------------+-----------------+


+----------------------------------------------------------+
; Progagation Delay                                        ;
+------------+-------------+-------+-------+-------+-------+
; Input Port ; Output Port ; RR    ; RF    ; FR    ; FF    ;
+------------+-------------+-------+-------+-------+-------+
; reset      ; SDA         ; 7.129 ; 7.009 ; 7.124 ; 7.124 ;
+------------+-------------+-------+-------+-------+-------+


+----------------------------------------------------------+
; Minimum Progagation Delay                                ;
+------------+-------------+-------+-------+-------+-------+
; Input Port ; Output Port ; RR    ; RF    ; FR    ; FF    ;
+------------+-------------+-------+-------+-------+-------+
; reset      ; SDA         ; 3.845 ; 3.779 ; 3.873 ; 3.873 ;
+------------+-------------+-------+-------+-------+-------+


+------------------------------------------------------------------------------------------------------------------------------------------------------------------------------------------------------------------------------------------------------------------------------------------------------------------------------------------------------------------------------------------------------------------+
; Board Trace Model Assignments                                                                                                                                                                                                                                                                                                                                                                                    ;
+---------------+--------------+-------------------+-------------------------+-------------------------+---------------+---------------------+----------------+------------------+--------+------------------+------------------------+------------------------+--------------+---------------+-----------------+-------+---------------------+--------------------+---------------+-----------------+-------------+
; Pin           ; I/O Standard ; Near Tline Length ; Near Tline L per Length ; Near Tline C per Length ; Near Series R ; Near Differential R ; Near Pull-up R ; Near Pull-down R ; Near C ; Far Tline Length ; Far Tline L per Length ; Far Tline C per Length ; Far Series R ; Far Pull-up R ; Far Pull-down R ; Far C ; Termination Voltage ; Far Differential R ; EBD File Name ; EBD Signal Name ; EBD Far-end ;
+---------------+--------------+-------------------+-------------------------+-------------------------+---------------+---------------------+----------------+------------------+--------+------------------+------------------------+------------------------+--------------+---------------+-----------------+-------+---------------------+--------------------+---------------+-----------------+-------------+
; DATA[7]       ; 2.5 V        ; 0 in              ; 0 H/in                  ; 0 F/in                  ; short         ; -                   ; open           ; open             ; open   ; 0 in             ; 0 H/in                 ; 0 F/in                 ; short        ; open          ; open            ; open  ; 0 V                 ; -                  ; n/a           ; n/a             ; n/a         ;
; DATA[6]       ; 2.5 V        ; 0 in              ; 0 H/in                  ; 0 F/in                  ; short         ; -                   ; open           ; open             ; open   ; 0 in             ; 0 H/in                 ; 0 F/in                 ; short        ; open          ; open            ; open  ; 0 V                 ; -                  ; n/a           ; n/a             ; n/a         ;
; DATA[5]       ; 2.5 V        ; 0 in              ; 0 H/in                  ; 0 F/in                  ; short         ; -                   ; open           ; open             ; open   ; 0 in             ; 0 H/in                 ; 0 F/in                 ; short        ; open          ; open            ; open  ; 0 V                 ; -                  ; n/a           ; n/a             ; n/a         ;
; DATA[4]       ; 2.5 V        ; 0 in              ; 0 H/in                  ; 0 F/in                  ; short         ; -                   ; open           ; open             ; open   ; 0 in             ; 0 H/in                 ; 0 F/in                 ; short        ; open          ; open            ; open  ; 0 V                 ; -                  ; n/a           ; n/a             ; n/a         ;
; DATA[3]       ; 2.5 V        ; 0 in              ; 0 H/in                  ; 0 F/in                  ; short         ; -                   ; open           ; open             ; open   ; 0 in             ; 0 H/in                 ; 0 F/in                 ; short        ; open          ; open            ; open  ; 0 V                 ; -                  ; n/a           ; n/a             ; n/a         ;
; DATA[2]       ; 2.5 V        ; 0 in              ; 0 H/in                  ; 0 F/in                  ; short         ; -                   ; open           ; open             ; open   ; 0 in             ; 0 H/in                 ; 0 F/in                 ; short        ; open          ; open            ; open  ; 0 V                 ; -                  ; n/a           ; n/a             ; n/a         ;
; DATA[1]       ; 2.5 V        ; 0 in              ; 0 H/in                  ; 0 F/in                  ; short         ; -                   ; open           ; open             ; open   ; 0 in             ; 0 H/in                 ; 0 F/in                 ; short        ; open          ; open            ; open  ; 0 V                 ; -                  ; n/a           ; n/a             ; n/a         ;
; DATA[0]       ; 2.5 V        ; 0 in              ; 0 H/in                  ; 0 F/in                  ; short         ; -                   ; open           ; open             ; open   ; 0 in             ; 0 H/in                 ; 0 F/in                 ; short        ; open          ; open            ; open  ; 0 V                 ; -                  ; n/a           ; n/a             ; n/a         ;
; DIRE[6]       ; 2.5 V        ; 0 in              ; 0 H/in                  ; 0 F/in                  ; short         ; -                   ; open           ; open             ; open   ; 0 in             ; 0 H/in                 ; 0 F/in                 ; short        ; open          ; open            ; open  ; 0 V                 ; -                  ; n/a           ; n/a             ; n/a         ;
; DIRE[5]       ; 2.5 V        ; 0 in              ; 0 H/in                  ; 0 F/in                  ; short         ; -                   ; open           ; open             ; open   ; 0 in             ; 0 H/in                 ; 0 F/in                 ; short        ; open          ; open            ; open  ; 0 V                 ; -                  ; n/a           ; n/a             ; n/a         ;
; DIRE[4]       ; 2.5 V        ; 0 in              ; 0 H/in                  ; 0 F/in                  ; short         ; -                   ; open           ; open             ; open   ; 0 in             ; 0 H/in                 ; 0 F/in                 ; short        ; open          ; open            ; open  ; 0 V                 ; -                  ; n/a           ; n/a             ; n/a         ;
; DIRE[3]       ; 2.5 V        ; 0 in              ; 0 H/in                  ; 0 F/in                  ; short         ; -                   ; open           ; open             ; open   ; 0 in             ; 0 H/in                 ; 0 F/in                 ; short        ; open          ; open            ; open  ; 0 V                 ; -                  ; n/a           ; n/a             ; n/a         ;
; DIRE[2]       ; 2.5 V        ; 0 in              ; 0 H/in                  ; 0 F/in                  ; short         ; -                   ; open           ; open             ; open   ; 0 in             ; 0 H/in                 ; 0 F/in                 ; short        ; open          ; open            ; open  ; 0 V                 ; -                  ; n/a           ; n/a             ; n/a         ;
; DIRE[1]       ; 2.5 V        ; 0 in              ; 0 H/in                  ; 0 F/in                  ; short         ; -                   ; open           ; open             ; open   ; 0 in             ; 0 H/in                 ; 0 F/in                 ; short        ; open          ; open            ; open  ; 0 V                 ; -                  ; n/a           ; n/a             ; n/a         ;
; DIRE[0]       ; 2.5 V        ; 0 in              ; 0 H/in                  ; 0 F/in                  ; short         ; -                   ; open           ; open             ; open   ; 0 in             ; 0 H/in                 ; 0 F/in                 ; short        ; open          ; open            ; open  ; 0 V                 ; -                  ; n/a           ; n/a             ; n/a         ;
; NC2           ; 2.5 V        ; 0 in              ; 0 H/in                  ; 0 F/in                  ; short         ; -                   ; open           ; open             ; open   ; 0 in             ; 0 H/in                 ; 0 F/in                 ; short        ; open          ; open            ; open  ; 0 V                 ; -                  ; n/a           ; n/a             ; n/a         ;
; NC1           ; 2.5 V        ; 0 in              ; 0 H/in                  ; 0 F/in                  ; short         ; -                   ; open           ; open             ; open   ; 0 in             ; 0 H/in                 ; 0 F/in                 ; short        ; open          ; open            ; open  ; 0 V                 ; -                  ; n/a           ; n/a             ; n/a         ;
; NC0           ; 2.5 V        ; 0 in              ; 0 H/in                  ; 0 F/in                  ; short         ; -                   ; open           ; open             ; open   ; 0 in             ; 0 H/in                 ; 0 F/in                 ; short        ; open          ; open            ; open  ; 0 V                 ; -                  ; n/a           ; n/a             ; n/a         ;
; NC23          ; 2.5 V        ; 0 in              ; 0 H/in                  ; 0 F/in                  ; short         ; -                   ; open           ; open             ; open   ; 0 in             ; 0 H/in                 ; 0 F/in                 ; short        ; open          ; open            ; open  ; 0 V                 ; -                  ; n/a           ; n/a             ; n/a         ;
; NC22          ; 2.5 V        ; 0 in              ; 0 H/in                  ; 0 F/in                  ; short         ; -                   ; open           ; open             ; open   ; 0 in             ; 0 H/in                 ; 0 F/in                 ; short        ; open          ; open            ; open  ; 0 V                 ; -                  ; n/a           ; n/a             ; n/a         ;
; NC21          ; 2.5 V        ; 0 in              ; 0 H/in                  ; 0 F/in                  ; short         ; -                   ; open           ; open             ; open   ; 0 in             ; 0 H/in                 ; 0 F/in                 ; short        ; open          ; open            ; open  ; 0 V                 ; -                  ; n/a           ; n/a             ; n/a         ;
; NC20          ; 2.5 V        ; 0 in              ; 0 H/in                  ; 0 F/in                  ; short         ; -                   ; open           ; open             ; open   ; 0 in             ; 0 H/in                 ; 0 F/in                 ; short        ; open          ; open            ; open  ; 0 V                 ; -                  ; n/a           ; n/a             ; n/a         ;
; SDA           ; 2.5 V        ; 0 in              ; 0 H/in                  ; 0 F/in                  ; short         ; -                   ; open           ; open             ; open   ; 0 in             ; 0 H/in                 ; 0 F/in                 ; short        ; open          ; open            ; open  ; 0 V                 ; -                  ; n/a           ; n/a             ; n/a         ;
; ~ALTERA_DCLK~ ; 2.5 V        ; 0 in              ; 0 H/in                  ; 0 F/in                  ; short         ; -                   ; open           ; open             ; open   ; 0 in             ; 0 H/in                 ; 0 F/in                 ; short        ; open          ; open            ; open  ; 0 V                 ; -                  ; n/a           ; n/a             ; n/a         ;
; ~ALTERA_nCEO~ ; 2.5 V        ; 0 in              ; 0 H/in                  ; 0 F/in                  ; short         ; -                   ; open           ; open             ; open   ; 0 in             ; 0 H/in                 ; 0 F/in                 ; short        ; open          ; open            ; open  ; 0 V                 ; -                  ; n/a           ; n/a             ; n/a         ;
+---------------+--------------+-------------------+-------------------------+-------------------------+---------------+---------------------+----------------+------------------+--------+------------------+------------------------+------------------------+--------------+---------------+-----------------+-------+---------------------+--------------------+---------------+-----------------+-------------+


+----------------------------------------------------------------------------+
; Input Transition Times                                                     ;
+-------------------------+--------------+-----------------+-----------------+
; Pin                     ; I/O Standard ; 10-90 Rise Time ; 90-10 Fall Time ;
+-------------------------+--------------+-----------------+-----------------+
; SDA                     ; 2.5 V        ; 2000 ps         ; 2000 ps         ;
; reset                   ; 2.5 V        ; 2000 ps         ; 2000 ps         ;
; SCL                     ; 2.5 V        ; 2000 ps         ; 2000 ps         ;
; Clock_registro          ; 2.5 V        ; 2000 ps         ; 2000 ps         ;
; Reset_registro          ; 2.5 V        ; 2000 ps         ; 2000 ps         ;
; CARGA_DIRECCION         ; 2.5 V        ; 2000 ps         ; 2000 ps         ;
; ~ALTERA_ASDO_DATA1~     ; 2.5 V        ; 2000 ps         ; 2000 ps         ;
; ~ALTERA_FLASH_nCE_nCSO~ ; 2.5 V        ; 2000 ps         ; 2000 ps         ;
; ~ALTERA_DATA0~          ; 2.5 V        ; 2000 ps         ; 2000 ps         ;
+-------------------------+--------------+-----------------+-----------------+


+--------------------------------------------------------------------------------------------------------------------------------------------------------------------------------------------------------------------------------------------------------------------------------------------------------------------------------------------------------------------------------------------------------------------------------------------------------------------------------------------------------------------------------------------------------------------------------------------------------------------------------------------------------------------------------------------+
; Slow Corner Signal Integrity Metrics                                                                                                                                                                                                                                                                                                                                                                                                                                                                                                                                                                                                                                                       ;
+---------------+--------------+---------------------+---------------------+------------------------------+------------------------------+---------------------+---------------------+--------------------------------------+--------------------------------------+-----------------------------+-----------------------------+----------------------------+----------------------------+-----------------------------+-----------------------------+--------------------+--------------------+-------------------------------------+-------------------------------------+----------------------------+----------------------------+---------------------------+---------------------------+
; Pin           ; I/O Standard ; Board Delay on Rise ; Board Delay on Fall ; Steady State Voh at FPGA Pin ; Steady State Vol at FPGA Pin ; Voh Max at FPGA Pin ; Vol Min at FPGA Pin ; Ringback Voltage on Rise at FPGA Pin ; Ringback Voltage on Fall at FPGA Pin ; 10-90 Rise Time at FPGA Pin ; 90-10 Fall Time at FPGA Pin ; Monotonic Rise at FPGA Pin ; Monotonic Fall at FPGA Pin ; Steady State Voh at Far-end ; Steady State Vol at Far-end ; Voh Max at Far-end ; Vol Min at Far-end ; Ringback Voltage on Rise at Far-end ; Ringback Voltage on Fall at Far-end ; 10-90 Rise Time at Far-end ; 90-10 Fall Time at Far-end ; Monotonic Rise at Far-end ; Monotonic Fall at Far-end ;
+---------------+--------------+---------------------+---------------------+------------------------------+------------------------------+---------------------+---------------------+--------------------------------------+--------------------------------------+-----------------------------+-----------------------------+----------------------------+----------------------------+-----------------------------+-----------------------------+--------------------+--------------------+-------------------------------------+-------------------------------------+----------------------------+----------------------------+---------------------------+---------------------------+
; DATA[7]       ; 2.5 V        ; 0 s                 ; 0 s                 ; 2.32 V                       ; 3.66e-07 V                   ; 2.35 V              ; -0.00828 V          ; 0.118 V                              ; 0.032 V                              ; 6.66e-10 s                  ; 6.27e-10 s                  ; Yes                        ; Yes                        ; 2.32 V                      ; 3.66e-07 V                  ; 2.35 V             ; -0.00828 V         ; 0.118 V                             ; 0.032 V                             ; 6.66e-10 s                 ; 6.27e-10 s                 ; Yes                       ; Yes                       ;
; DATA[6]       ; 2.5 V        ; 0 s                 ; 0 s                 ; 2.32 V                       ; 3.66e-07 V                   ; 2.35 V              ; -0.00828 V          ; 0.118 V                              ; 0.032 V                              ; 6.66e-10 s                  ; 6.27e-10 s                  ; Yes                        ; Yes                        ; 2.32 V                      ; 3.66e-07 V                  ; 2.35 V             ; -0.00828 V         ; 0.118 V                             ; 0.032 V                             ; 6.66e-10 s                 ; 6.27e-10 s                 ; Yes                       ; Yes                       ;
; DATA[5]       ; 2.5 V        ; 0 s                 ; 0 s                 ; 2.32 V                       ; 3.66e-07 V                   ; 2.35 V              ; -0.00828 V          ; 0.118 V                              ; 0.032 V                              ; 6.66e-10 s                  ; 6.27e-10 s                  ; Yes                        ; Yes                        ; 2.32 V                      ; 3.66e-07 V                  ; 2.35 V             ; -0.00828 V         ; 0.118 V                             ; 0.032 V                             ; 6.66e-10 s                 ; 6.27e-10 s                 ; Yes                       ; Yes                       ;
; DATA[4]       ; 2.5 V        ; 0 s                 ; 0 s                 ; 2.32 V                       ; 3.66e-07 V                   ; 2.35 V              ; -0.00828 V          ; 0.118 V                              ; 0.032 V                              ; 6.66e-10 s                  ; 6.27e-10 s                  ; Yes                        ; Yes                        ; 2.32 V                      ; 3.66e-07 V                  ; 2.35 V             ; -0.00828 V         ; 0.118 V                             ; 0.032 V                             ; 6.66e-10 s                 ; 6.27e-10 s                 ; Yes                       ; Yes                       ;
; DATA[3]       ; 2.5 V        ; 0 s                 ; 0 s                 ; 2.32 V                       ; 3.66e-07 V                   ; 2.35 V              ; -0.00828 V          ; 0.118 V                              ; 0.032 V                              ; 6.66e-10 s                  ; 6.27e-10 s                  ; Yes                        ; Yes                        ; 2.32 V                      ; 3.66e-07 V                  ; 2.35 V             ; -0.00828 V         ; 0.118 V                             ; 0.032 V                             ; 6.66e-10 s                 ; 6.27e-10 s                 ; Yes                       ; Yes                       ;
; DATA[2]       ; 2.5 V        ; 0 s                 ; 0 s                 ; 2.32 V                       ; 3.66e-07 V                   ; 2.35 V              ; -0.00828 V          ; 0.118 V                              ; 0.032 V                              ; 6.66e-10 s                  ; 6.27e-10 s                  ; Yes                        ; Yes                        ; 2.32 V                      ; 3.66e-07 V                  ; 2.35 V             ; -0.00828 V         ; 0.118 V                             ; 0.032 V                             ; 6.66e-10 s                 ; 6.27e-10 s                 ; Yes                       ; Yes                       ;
; DATA[1]       ; 2.5 V        ; 0 s                 ; 0 s                 ; 2.32 V                       ; 3.66e-07 V                   ; 2.35 V              ; -0.00828 V          ; 0.118 V                              ; 0.032 V                              ; 6.66e-10 s                  ; 6.27e-10 s                  ; Yes                        ; Yes                        ; 2.32 V                      ; 3.66e-07 V                  ; 2.35 V             ; -0.00828 V         ; 0.118 V                             ; 0.032 V                             ; 6.66e-10 s                 ; 6.27e-10 s                 ; Yes                       ; Yes                       ;
; DATA[0]       ; 2.5 V        ; 0 s                 ; 0 s                 ; 2.32 V                       ; 3.66e-07 V                   ; 2.35 V              ; -0.00828 V          ; 0.118 V                              ; 0.032 V                              ; 6.66e-10 s                  ; 6.27e-10 s                  ; Yes                        ; Yes                        ; 2.32 V                      ; 3.66e-07 V                  ; 2.35 V             ; -0.00828 V         ; 0.118 V                             ; 0.032 V                             ; 6.66e-10 s                 ; 6.27e-10 s                 ; Yes                       ; Yes                       ;
; DIRE[6]       ; 2.5 V        ; 0 s                 ; 0 s                 ; 2.32 V                       ; 5.43e-07 V                   ; 2.35 V              ; -0.00795 V          ; 0.123 V                              ; 0.028 V                              ; 4.64e-10 s                  ; 4.47e-10 s                  ; Yes                        ; Yes                        ; 2.32 V                      ; 5.43e-07 V                  ; 2.35 V             ; -0.00795 V         ; 0.123 V                             ; 0.028 V                             ; 4.64e-10 s                 ; 4.47e-10 s                 ; Yes                       ; Yes                       ;
; DIRE[5]       ; 2.5 V        ; 0 s                 ; 0 s                 ; 2.32 V                       ; 5.43e-07 V                   ; 2.35 V              ; -0.00795 V          ; 0.123 V                              ; 0.028 V                              ; 4.64e-10 s                  ; 4.47e-10 s                  ; Yes                        ; Yes                        ; 2.32 V                      ; 5.43e-07 V                  ; 2.35 V             ; -0.00795 V         ; 0.123 V                             ; 0.028 V                             ; 4.64e-10 s                 ; 4.47e-10 s                 ; Yes                       ; Yes                       ;
; DIRE[4]       ; 2.5 V        ; 0 s                 ; 0 s                 ; 2.32 V                       ; 5.43e-07 V                   ; 2.35 V              ; -0.00795 V          ; 0.123 V                              ; 0.028 V                              ; 4.64e-10 s                  ; 4.47e-10 s                  ; Yes                        ; Yes                        ; 2.32 V                      ; 5.43e-07 V                  ; 2.35 V             ; -0.00795 V         ; 0.123 V                             ; 0.028 V                             ; 4.64e-10 s                 ; 4.47e-10 s                 ; Yes                       ; Yes                       ;
; DIRE[3]       ; 2.5 V        ; 0 s                 ; 0 s                 ; 2.32 V                       ; 5.43e-07 V                   ; 2.35 V              ; -0.00795 V          ; 0.123 V                              ; 0.028 V                              ; 4.64e-10 s                  ; 4.47e-10 s                  ; Yes                        ; Yes                        ; 2.32 V                      ; 5.43e-07 V                  ; 2.35 V             ; -0.00795 V         ; 0.123 V                             ; 0.028 V                             ; 4.64e-10 s                 ; 4.47e-10 s                 ; Yes                       ; Yes                       ;
; DIRE[2]       ; 2.5 V        ; 0 s                 ; 0 s                 ; 2.32 V                       ; 5.43e-07 V                   ; 2.35 V              ; -0.00795 V          ; 0.123 V                              ; 0.028 V                              ; 4.64e-10 s                  ; 4.47e-10 s                  ; Yes                        ; Yes                        ; 2.32 V                      ; 5.43e-07 V                  ; 2.35 V             ; -0.00795 V         ; 0.123 V                             ; 0.028 V                             ; 4.64e-10 s                 ; 4.47e-10 s                 ; Yes                       ; Yes                       ;
; DIRE[1]       ; 2.5 V        ; 0 s                 ; 0 s                 ; 2.32 V                       ; 5.43e-07 V                   ; 2.35 V              ; -0.00795 V          ; 0.123 V                              ; 0.028 V                              ; 4.64e-10 s                  ; 4.47e-10 s                  ; Yes                        ; Yes                        ; 2.32 V                      ; 5.43e-07 V                  ; 2.35 V             ; -0.00795 V         ; 0.123 V                             ; 0.028 V                             ; 4.64e-10 s                 ; 4.47e-10 s                 ; Yes                       ; Yes                       ;
; DIRE[0]       ; 2.5 V        ; 0 s                 ; 0 s                 ; 2.32 V                       ; 5.43e-07 V                   ; 2.35 V              ; -0.00795 V          ; 0.123 V                              ; 0.028 V                              ; 4.64e-10 s                  ; 4.47e-10 s                  ; Yes                        ; Yes                        ; 2.32 V                      ; 5.43e-07 V                  ; 2.35 V             ; -0.00795 V         ; 0.123 V                             ; 0.028 V                             ; 4.64e-10 s                 ; 4.47e-10 s                 ; Yes                       ; Yes                       ;
; NC2           ; 2.5 V        ; 0 s                 ; 0 s                 ; 2.32 V                       ; 5.43e-07 V                   ; 2.35 V              ; -0.00795 V          ; 0.123 V                              ; 0.028 V                              ; 4.64e-10 s                  ; 4.47e-10 s                  ; Yes                        ; Yes                        ; 2.32 V                      ; 5.43e-07 V                  ; 2.35 V             ; -0.00795 V         ; 0.123 V                             ; 0.028 V                             ; 4.64e-10 s                 ; 4.47e-10 s                 ; Yes                       ; Yes                       ;
; NC1           ; 2.5 V        ; 0 s                 ; 0 s                 ; 2.32 V                       ; 5.43e-07 V                   ; 2.35 V              ; -0.00795 V          ; 0.123 V                              ; 0.028 V                              ; 4.64e-10 s                  ; 4.47e-10 s                  ; Yes                        ; Yes                        ; 2.32 V                      ; 5.43e-07 V                  ; 2.35 V             ; -0.00795 V         ; 0.123 V                             ; 0.028 V                             ; 4.64e-10 s                 ; 4.47e-10 s                 ; Yes                       ; Yes                       ;
; NC0           ; 2.5 V        ; 0 s                 ; 0 s                 ; 2.32 V                       ; 5.43e-07 V                   ; 2.35 V              ; -0.00795 V          ; 0.123 V                              ; 0.028 V                              ; 4.64e-10 s                  ; 4.47e-10 s                  ; Yes                        ; Yes                        ; 2.32 V                      ; 5.43e-07 V                  ; 2.35 V             ; -0.00795 V         ; 0.123 V                             ; 0.028 V                             ; 4.64e-10 s                 ; 4.47e-10 s                 ; Yes                       ; Yes                       ;
; NC23          ; 2.5 V        ; 0 s                 ; 0 s                 ; 2.32 V                       ; 5.43e-07 V                   ; 2.35 V              ; -0.00795 V          ; 0.123 V                              ; 0.028 V                              ; 4.64e-10 s                  ; 4.47e-10 s                  ; Yes                        ; Yes                        ; 2.32 V                      ; 5.43e-07 V                  ; 2.35 V             ; -0.00795 V         ; 0.123 V                             ; 0.028 V                             ; 4.64e-10 s                 ; 4.47e-10 s                 ; Yes                       ; Yes                       ;
; NC22          ; 2.5 V        ; 0 s                 ; 0 s                 ; 2.32 V                       ; 5.43e-07 V                   ; 2.35 V              ; -0.00795 V          ; 0.123 V                              ; 0.028 V                              ; 4.64e-10 s                  ; 4.47e-10 s                  ; Yes                        ; Yes                        ; 2.32 V                      ; 5.43e-07 V                  ; 2.35 V             ; -0.00795 V         ; 0.123 V                             ; 0.028 V                             ; 4.64e-10 s                 ; 4.47e-10 s                 ; Yes                       ; Yes                       ;
; NC21          ; 2.5 V        ; 0 s                 ; 0 s                 ; 2.32 V                       ; 5.43e-07 V                   ; 2.35 V              ; -0.00795 V          ; 0.123 V                              ; 0.028 V                              ; 4.64e-10 s                  ; 4.47e-10 s                  ; Yes                        ; Yes                        ; 2.32 V                      ; 5.43e-07 V                  ; 2.35 V             ; -0.00795 V         ; 0.123 V                             ; 0.028 V                             ; 4.64e-10 s                 ; 4.47e-10 s                 ; Yes                       ; Yes                       ;
; NC20          ; 2.5 V        ; 0 s                 ; 0 s                 ; 2.32 V                       ; 5.43e-07 V                   ; 2.35 V              ; -0.00795 V          ; 0.123 V                              ; 0.028 V                              ; 4.64e-10 s                  ; 4.47e-10 s                  ; Yes                        ; Yes                        ; 2.32 V                      ; 5.43e-07 V                  ; 2.35 V             ; -0.00795 V         ; 0.123 V                             ; 0.028 V                             ; 4.64e-10 s                 ; 4.47e-10 s                 ; Yes                       ; Yes                       ;
; SDA           ; 2.5 V        ; 0 s                 ; 0 s                 ; 2.32 V                       ; 5.43e-07 V                   ; 2.35 V              ; -0.00795 V          ; 0.123 V                              ; 0.028 V                              ; 4.64e-10 s                  ; 4.47e-10 s                  ; Yes                        ; Yes                        ; 2.32 V                      ; 5.43e-07 V                  ; 2.35 V             ; -0.00795 V         ; 0.123 V                             ; 0.028 V                             ; 4.64e-10 s                 ; 4.47e-10 s                 ; Yes                       ; Yes                       ;
; ~ALTERA_DCLK~ ; 2.5 V        ; 0 s                 ; 0 s                 ; 2.32 V                       ; 2.92e-07 V                   ; 2.35 V              ; -0.0133 V           ; 0.084 V                              ; 0.028 V                              ; 4.31e-10 s                  ; 3.59e-10 s                  ; Yes                        ; Yes                        ; 2.32 V                      ; 2.92e-07 V                  ; 2.35 V             ; -0.0133 V          ; 0.084 V                             ; 0.028 V                             ; 4.31e-10 s                 ; 3.59e-10 s                 ; Yes                       ; Yes                       ;
; ~ALTERA_nCEO~ ; 2.5 V        ; 0 s                 ; 0 s                 ; 2.32 V                       ; 4.8e-07 V                    ; 2.35 V              ; -0.00679 V          ; 0.09 V                               ; 0.045 V                              ; 6.2e-10 s                   ; 7.91e-10 s                  ; Yes                        ; Yes                        ; 2.32 V                      ; 4.8e-07 V                   ; 2.35 V             ; -0.00679 V         ; 0.09 V                              ; 0.045 V                             ; 6.2e-10 s                  ; 7.91e-10 s                 ; Yes                       ; Yes                       ;
+---------------+--------------+---------------------+---------------------+------------------------------+------------------------------+---------------------+---------------------+--------------------------------------+--------------------------------------+-----------------------------+-----------------------------+----------------------------+----------------------------+-----------------------------+-----------------------------+--------------------+--------------------+-------------------------------------+-------------------------------------+----------------------------+----------------------------+---------------------------+---------------------------+


+--------------------------------------------------------------------------------------------------------------------------------------------------------------------------------------------------------------------------------------------------------------------------------------------------------------------------------------------------------------------------------------------------------------------------------------------------------------------------------------------------------------------------------------------------------------------------------------------------------------------------------------------------------------------------------------------+
; Fast Corner Signal Integrity Metrics                                                                                                                                                                                                                                                                                                                                                                                                                                                                                                                                                                                                                                                       ;
+---------------+--------------+---------------------+---------------------+------------------------------+------------------------------+---------------------+---------------------+--------------------------------------+--------------------------------------+-----------------------------+-----------------------------+----------------------------+----------------------------+-----------------------------+-----------------------------+--------------------+--------------------+-------------------------------------+-------------------------------------+----------------------------+----------------------------+---------------------------+---------------------------+
; Pin           ; I/O Standard ; Board Delay on Rise ; Board Delay on Fall ; Steady State Voh at FPGA Pin ; Steady State Vol at FPGA Pin ; Voh Max at FPGA Pin ; Vol Min at FPGA Pin ; Ringback Voltage on Rise at FPGA Pin ; Ringback Voltage on Fall at FPGA Pin ; 10-90 Rise Time at FPGA Pin ; 90-10 Fall Time at FPGA Pin ; Monotonic Rise at FPGA Pin ; Monotonic Fall at FPGA Pin ; Steady State Voh at Far-end ; Steady State Vol at Far-end ; Voh Max at Far-end ; Vol Min at Far-end ; Ringback Voltage on Rise at Far-end ; Ringback Voltage on Fall at Far-end ; 10-90 Rise Time at Far-end ; 90-10 Fall Time at Far-end ; Monotonic Rise at Far-end ; Monotonic Fall at Far-end ;
+---------------+--------------+---------------------+---------------------+------------------------------+------------------------------+---------------------+---------------------+--------------------------------------+--------------------------------------+-----------------------------+-----------------------------+----------------------------+----------------------------+-----------------------------+-----------------------------+--------------------+--------------------+-------------------------------------+-------------------------------------+----------------------------+----------------------------+---------------------------+---------------------------+
; DATA[7]       ; 2.5 V        ; 0 s                 ; 0 s                 ; 2.62 V                       ; 2.7e-08 V                    ; 2.71 V              ; -0.0354 V           ; 0.148 V                              ; 0.064 V                              ; 4.51e-10 s                  ; 4.14e-10 s                  ; No                         ; Yes                        ; 2.62 V                      ; 2.7e-08 V                   ; 2.71 V             ; -0.0354 V          ; 0.148 V                             ; 0.064 V                             ; 4.51e-10 s                 ; 4.14e-10 s                 ; No                        ; Yes                       ;
; DATA[6]       ; 2.5 V        ; 0 s                 ; 0 s                 ; 2.62 V                       ; 2.7e-08 V                    ; 2.71 V              ; -0.0354 V           ; 0.148 V                              ; 0.064 V                              ; 4.51e-10 s                  ; 4.14e-10 s                  ; No                         ; Yes                        ; 2.62 V                      ; 2.7e-08 V                   ; 2.71 V             ; -0.0354 V          ; 0.148 V                             ; 0.064 V                             ; 4.51e-10 s                 ; 4.14e-10 s                 ; No                        ; Yes                       ;
; DATA[5]       ; 2.5 V        ; 0 s                 ; 0 s                 ; 2.62 V                       ; 2.7e-08 V                    ; 2.71 V              ; -0.0354 V           ; 0.148 V                              ; 0.064 V                              ; 4.51e-10 s                  ; 4.14e-10 s                  ; No                         ; Yes                        ; 2.62 V                      ; 2.7e-08 V                   ; 2.71 V             ; -0.0354 V          ; 0.148 V                             ; 0.064 V                             ; 4.51e-10 s                 ; 4.14e-10 s                 ; No                        ; Yes                       ;
; DATA[4]       ; 2.5 V        ; 0 s                 ; 0 s                 ; 2.62 V                       ; 2.7e-08 V                    ; 2.71 V              ; -0.0354 V           ; 0.148 V                              ; 0.064 V                              ; 4.51e-10 s                  ; 4.14e-10 s                  ; No                         ; Yes                        ; 2.62 V                      ; 2.7e-08 V                   ; 2.71 V             ; -0.0354 V          ; 0.148 V                             ; 0.064 V                             ; 4.51e-10 s                 ; 4.14e-10 s                 ; No                        ; Yes                       ;
; DATA[3]       ; 2.5 V        ; 0 s                 ; 0 s                 ; 2.62 V                       ; 2.7e-08 V                    ; 2.71 V              ; -0.0354 V           ; 0.148 V                              ; 0.064 V                              ; 4.51e-10 s                  ; 4.14e-10 s                  ; No                         ; Yes                        ; 2.62 V                      ; 2.7e-08 V                   ; 2.71 V             ; -0.0354 V          ; 0.148 V                             ; 0.064 V                             ; 4.51e-10 s                 ; 4.14e-10 s                 ; No                        ; Yes                       ;
; DATA[2]       ; 2.5 V        ; 0 s                 ; 0 s                 ; 2.62 V                       ; 2.7e-08 V                    ; 2.71 V              ; -0.0354 V           ; 0.148 V                              ; 0.064 V                              ; 4.51e-10 s                  ; 4.14e-10 s                  ; No                         ; Yes                        ; 2.62 V                      ; 2.7e-08 V                   ; 2.71 V             ; -0.0354 V          ; 0.148 V                             ; 0.064 V                             ; 4.51e-10 s                 ; 4.14e-10 s                 ; No                        ; Yes                       ;
; DATA[1]       ; 2.5 V        ; 0 s                 ; 0 s                 ; 2.62 V                       ; 2.7e-08 V                    ; 2.71 V              ; -0.0354 V           ; 0.148 V                              ; 0.064 V                              ; 4.51e-10 s                  ; 4.14e-10 s                  ; No                         ; Yes                        ; 2.62 V                      ; 2.7e-08 V                   ; 2.71 V             ; -0.0354 V          ; 0.148 V                             ; 0.064 V                             ; 4.51e-10 s                 ; 4.14e-10 s                 ; No                        ; Yes                       ;
; DATA[0]       ; 2.5 V        ; 0 s                 ; 0 s                 ; 2.62 V                       ; 2.7e-08 V                    ; 2.71 V              ; -0.0354 V           ; 0.148 V                              ; 0.064 V                              ; 4.51e-10 s                  ; 4.14e-10 s                  ; No                         ; Yes                        ; 2.62 V                      ; 2.7e-08 V                   ; 2.71 V             ; -0.0354 V          ; 0.148 V                             ; 0.064 V                             ; 4.51e-10 s                 ; 4.14e-10 s                 ; No                        ; Yes                       ;
; DIRE[6]       ; 2.5 V        ; 0 s                 ; 0 s                 ; 2.62 V                       ; 4.02e-08 V                   ; 2.71 V              ; -0.0354 V           ; 0.174 V                              ; 0.098 V                              ; 2.73e-10 s                  ; 2.69e-10 s                  ; Yes                        ; Yes                        ; 2.62 V                      ; 4.02e-08 V                  ; 2.71 V             ; -0.0354 V          ; 0.174 V                             ; 0.098 V                             ; 2.73e-10 s                 ; 2.69e-10 s                 ; Yes                       ; Yes                       ;
; DIRE[5]       ; 2.5 V        ; 0 s                 ; 0 s                 ; 2.62 V                       ; 4.02e-08 V                   ; 2.71 V              ; -0.0354 V           ; 0.174 V                              ; 0.098 V                              ; 2.73e-10 s                  ; 2.69e-10 s                  ; Yes                        ; Yes                        ; 2.62 V                      ; 4.02e-08 V                  ; 2.71 V             ; -0.0354 V          ; 0.174 V                             ; 0.098 V                             ; 2.73e-10 s                 ; 2.69e-10 s                 ; Yes                       ; Yes                       ;
; DIRE[4]       ; 2.5 V        ; 0 s                 ; 0 s                 ; 2.62 V                       ; 4.02e-08 V                   ; 2.71 V              ; -0.0354 V           ; 0.174 V                              ; 0.098 V                              ; 2.73e-10 s                  ; 2.69e-10 s                  ; Yes                        ; Yes                        ; 2.62 V                      ; 4.02e-08 V                  ; 2.71 V             ; -0.0354 V          ; 0.174 V                             ; 0.098 V                             ; 2.73e-10 s                 ; 2.69e-10 s                 ; Yes                       ; Yes                       ;
; DIRE[3]       ; 2.5 V        ; 0 s                 ; 0 s                 ; 2.62 V                       ; 4.02e-08 V                   ; 2.71 V              ; -0.0354 V           ; 0.174 V                              ; 0.098 V                              ; 2.73e-10 s                  ; 2.69e-10 s                  ; Yes                        ; Yes                        ; 2.62 V                      ; 4.02e-08 V                  ; 2.71 V             ; -0.0354 V          ; 0.174 V                             ; 0.098 V                             ; 2.73e-10 s                 ; 2.69e-10 s                 ; Yes                       ; Yes                       ;
; DIRE[2]       ; 2.5 V        ; 0 s                 ; 0 s                 ; 2.62 V                       ; 4.02e-08 V                   ; 2.71 V              ; -0.0354 V           ; 0.174 V                              ; 0.098 V                              ; 2.73e-10 s                  ; 2.69e-10 s                  ; Yes                        ; Yes                        ; 2.62 V                      ; 4.02e-08 V                  ; 2.71 V             ; -0.0354 V          ; 0.174 V                             ; 0.098 V                             ; 2.73e-10 s                 ; 2.69e-10 s                 ; Yes                       ; Yes                       ;
; DIRE[1]       ; 2.5 V        ; 0 s                 ; 0 s                 ; 2.62 V                       ; 4.02e-08 V                   ; 2.71 V              ; -0.0354 V           ; 0.174 V                              ; 0.098 V                              ; 2.73e-10 s                  ; 2.69e-10 s                  ; Yes                        ; Yes                        ; 2.62 V                      ; 4.02e-08 V                  ; 2.71 V             ; -0.0354 V          ; 0.174 V                             ; 0.098 V                             ; 2.73e-10 s                 ; 2.69e-10 s                 ; Yes                       ; Yes                       ;
; DIRE[0]       ; 2.5 V        ; 0 s                 ; 0 s                 ; 2.62 V                       ; 4.02e-08 V                   ; 2.71 V              ; -0.0354 V           ; 0.174 V                              ; 0.098 V                              ; 2.73e-10 s                  ; 2.69e-10 s                  ; Yes                        ; Yes                        ; 2.62 V                      ; 4.02e-08 V                  ; 2.71 V             ; -0.0354 V          ; 0.174 V                             ; 0.098 V                             ; 2.73e-10 s                 ; 2.69e-10 s                 ; Yes                       ; Yes                       ;
; NC2           ; 2.5 V        ; 0 s                 ; 0 s                 ; 2.62 V                       ; 4.02e-08 V                   ; 2.71 V              ; -0.0354 V           ; 0.174 V                              ; 0.098 V                              ; 2.73e-10 s                  ; 2.69e-10 s                  ; Yes                        ; Yes                        ; 2.62 V                      ; 4.02e-08 V                  ; 2.71 V             ; -0.0354 V          ; 0.174 V                             ; 0.098 V                             ; 2.73e-10 s                 ; 2.69e-10 s                 ; Yes                       ; Yes                       ;
; NC1           ; 2.5 V        ; 0 s                 ; 0 s                 ; 2.62 V                       ; 4.02e-08 V                   ; 2.71 V              ; -0.0354 V           ; 0.174 V                              ; 0.098 V                              ; 2.73e-10 s                  ; 2.69e-10 s                  ; Yes                        ; Yes                        ; 2.62 V                      ; 4.02e-08 V                  ; 2.71 V             ; -0.0354 V          ; 0.174 V                             ; 0.098 V                             ; 2.73e-10 s                 ; 2.69e-10 s                 ; Yes                       ; Yes                       ;
; NC0           ; 2.5 V        ; 0 s                 ; 0 s                 ; 2.62 V                       ; 4.02e-08 V                   ; 2.71 V              ; -0.0354 V           ; 0.174 V                              ; 0.098 V                              ; 2.73e-10 s                  ; 2.69e-10 s                  ; Yes                        ; Yes                        ; 2.62 V                      ; 4.02e-08 V                  ; 2.71 V             ; -0.0354 V          ; 0.174 V                             ; 0.098 V                             ; 2.73e-10 s                 ; 2.69e-10 s                 ; Yes                       ; Yes                       ;
; NC23          ; 2.5 V        ; 0 s                 ; 0 s                 ; 2.62 V                       ; 4.02e-08 V                   ; 2.71 V              ; -0.0354 V           ; 0.174 V                              ; 0.098 V                              ; 2.73e-10 s                  ; 2.69e-10 s                  ; Yes                        ; Yes                        ; 2.62 V                      ; 4.02e-08 V                  ; 2.71 V             ; -0.0354 V          ; 0.174 V                             ; 0.098 V                             ; 2.73e-10 s                 ; 2.69e-10 s                 ; Yes                       ; Yes                       ;
; NC22          ; 2.5 V        ; 0 s                 ; 0 s                 ; 2.62 V                       ; 4.02e-08 V                   ; 2.71 V              ; -0.0354 V           ; 0.174 V                              ; 0.098 V                              ; 2.73e-10 s                  ; 2.69e-10 s                  ; Yes                        ; Yes                        ; 2.62 V                      ; 4.02e-08 V                  ; 2.71 V             ; -0.0354 V          ; 0.174 V                             ; 0.098 V                             ; 2.73e-10 s                 ; 2.69e-10 s                 ; Yes                       ; Yes                       ;
; NC21          ; 2.5 V        ; 0 s                 ; 0 s                 ; 2.62 V                       ; 4.02e-08 V                   ; 2.71 V              ; -0.0354 V           ; 0.174 V                              ; 0.098 V                              ; 2.73e-10 s                  ; 2.69e-10 s                  ; Yes                        ; Yes                        ; 2.62 V                      ; 4.02e-08 V                  ; 2.71 V             ; -0.0354 V          ; 0.174 V                             ; 0.098 V                             ; 2.73e-10 s                 ; 2.69e-10 s                 ; Yes                       ; Yes                       ;
; NC20          ; 2.5 V        ; 0 s                 ; 0 s                 ; 2.62 V                       ; 4.02e-08 V                   ; 2.71 V              ; -0.0354 V           ; 0.174 V                              ; 0.098 V                              ; 2.73e-10 s                  ; 2.69e-10 s                  ; Yes                        ; Yes                        ; 2.62 V                      ; 4.02e-08 V                  ; 2.71 V             ; -0.0354 V          ; 0.174 V                             ; 0.098 V                             ; 2.73e-10 s                 ; 2.69e-10 s                 ; Yes                       ; Yes                       ;
; SDA           ; 2.5 V        ; 0 s                 ; 0 s                 ; 2.62 V                       ; 4.02e-08 V                   ; 2.71 V              ; -0.0354 V           ; 0.174 V                              ; 0.098 V                              ; 2.73e-10 s                  ; 2.69e-10 s                  ; Yes                        ; Yes                        ; 2.62 V                      ; 4.02e-08 V                  ; 2.71 V             ; -0.0354 V          ; 0.174 V                             ; 0.098 V                             ; 2.73e-10 s                 ; 2.69e-10 s                 ; Yes                       ; Yes                       ;
; ~ALTERA_DCLK~ ; 2.5 V        ; 0 s                 ; 0 s                 ; 2.62 V                       ; 2.2e-08 V                    ; 2.74 V              ; -0.061 V            ; 0.159 V                              ; 0.078 V                              ; 2.7e-10 s                   ; 2.2e-10 s                   ; No                         ; Yes                        ; 2.62 V                      ; 2.2e-08 V                   ; 2.74 V             ; -0.061 V           ; 0.159 V                             ; 0.078 V                             ; 2.7e-10 s                  ; 2.2e-10 s                  ; No                        ; Yes                       ;
; ~ALTERA_nCEO~ ; 2.5 V        ; 0 s                 ; 0 s                 ; 2.62 V                       ; 3.52e-08 V                   ; 2.7 V               ; -0.0121 V           ; 0.274 V                              ; 0.034 V                              ; 3.18e-10 s                  ; 4.96e-10 s                  ; No                         ; Yes                        ; 2.62 V                      ; 3.52e-08 V                  ; 2.7 V              ; -0.0121 V          ; 0.274 V                             ; 0.034 V                             ; 3.18e-10 s                 ; 4.96e-10 s                 ; No                        ; Yes                       ;
+---------------+--------------+---------------------+---------------------+------------------------------+------------------------------+---------------------+---------------------+--------------------------------------+--------------------------------------+-----------------------------+-----------------------------+----------------------------+----------------------------+-----------------------------+-----------------------------+--------------------+--------------------+-------------------------------------+-------------------------------------+----------------------------+----------------------------+---------------------------+---------------------------+


+-----------------------------------------------------------------------------+
; Setup Transfers                                                             ;
+----------------+----------------+----------+----------+----------+----------+
; From Clock     ; To Clock       ; RR Paths ; FR Paths ; RF Paths ; FF Paths ;
+----------------+----------------+----------+----------+----------+----------+
; Clock_registro ; Clock_registro ; 6        ; 0        ; 0        ; 0        ;
; Clock_registro ; SCL            ; 14       ; 0        ; 0        ; 0        ;
; SCL            ; SCL            ; 109      ; 0        ; 0        ; 0        ;
+----------------+----------------+----------+----------+----------+----------+
Entries labeled "false path" only account for clock-to-clock false paths and not path-based false paths. As a result, actual path counts may be lower than reported.


+-----------------------------------------------------------------------------+
; Hold Transfers                                                              ;
+----------------+----------------+----------+----------+----------+----------+
; From Clock     ; To Clock       ; RR Paths ; FR Paths ; RF Paths ; FF Paths ;
+----------------+----------------+----------+----------+----------+----------+
; Clock_registro ; Clock_registro ; 6        ; 0        ; 0        ; 0        ;
; Clock_registro ; SCL            ; 14       ; 0        ; 0        ; 0        ;
; SCL            ; SCL            ; 109      ; 0        ; 0        ; 0        ;
+----------------+----------------+----------+----------+----------+----------+
Entries labeled "false path" only account for clock-to-clock false paths and not path-based false paths. As a result, actual path counts may be lower than reported.


---------------
; Report TCCS ;
---------------
No dedicated SERDES Transmitter circuitry present in device or used in design


---------------
; Report RSKM ;
---------------
No dedicated SERDES Receiver circuitry present in device or used in design


+------------------------------------------------+
; Unconstrained Paths                            ;
+---------------------------------+-------+------+
; Property                        ; Setup ; Hold ;
+---------------------------------+-------+------+
; Illegal Clocks                  ; 0     ; 0    ;
; Unconstrained Clocks            ; 0     ; 0    ;
; Unconstrained Input Ports       ; 4     ; 4    ;
; Unconstrained Input Port Paths  ; 32    ; 32   ;
; Unconstrained Output Ports      ; 23    ; 23   ;
; Unconstrained Output Port Paths ; 24    ; 24   ;
+---------------------------------+-------+------+


+------------------------------------+
; TimeQuest Timing Analyzer Messages ;
+------------------------------------+
Info: *******************************************************************
Info: Running Quartus II 64-Bit TimeQuest Timing Analyzer
    Info: Version 13.0.1 Build 232 06/12/2013 Service Pack 1 SJ Web Edition
    Info: Processing started: Wed Nov 05 20:25:35 2025
Info: Command: quartus_sta I2C_maquina_estado -c I2C_maquina_estado
Info: qsta_default_script.tcl version: #1
Warning (20028): Parallel compilation is not licensed and has been disabled
Info (21077): Core supply voltage is 1.2V
Info (21077): Low junction temperature is 0 degrees C
Info (21077): High junction temperature is 85 degrees C
Critical Warning (332012): Synopsys Design Constraints File file not found: 'I2C_maquina_estado.sdc'. A Synopsys Design Constraints File is required by the TimeQuest Timing Analyzer to get proper timing constraints. Without it, the Compiler will not properly optimize the design.
Info (332142): No user constrained base clocks found in the design. Calling "derive_clocks -period 1.0"
Info (332105): Deriving Clocks
    Info (332105): create_clock -period 1.000 -name SCL SCL
    Info (332105): create_clock -period 1.000 -name Clock_registro Clock_registro
Info (332143): No user constrained clock uncertainty found in the design. Calling "derive_clock_uncertainty"
Info (332123): Deriving Clock Uncertainty. Please refer to report_sdc in TimeQuest to see clock uncertainties.
Info: Found TIMEQUEST_REPORT_SCRIPT_INCLUDE_DEFAULT_ANALYSIS = ON
Info: Analyzing Slow 1200mV 85C Model
Critical Warning (332148): Timing requirements not met
    Info (11105): For recommendations on closing timing, run Report Timing Closure Recommendations in the TimeQuest Timing Analyzer.
Info (332146): Worst-case setup slack is -5.639
    Info (332119):     Slack End Point TNS Clock 
    Info (332119): ========= ============= =====================
    Info (332119):    -5.639       -32.251 SCL 
    Info (332119):    -0.066        -0.066 Clock_registro 
Info (332146): Worst-case hold slack is 0.159
    Info (332119):     Slack End Point TNS Clock 
    Info (332119): ========= ============= =====================
    Info (332119):     0.159         0.000 SCL 
    Info (332119):     0.435         0.000 Clock_registro 
Info (332140): No Recovery paths to report
Info (332140): No Removal paths to report
Info (332146): Worst-case minimum pulse width slack is -3.000
    Info (332119):     Slack End Point TNS Clock 
    Info (332119): ========= ============= =====================
    Info (332119):    -3.000       -37.695 SCL 
    Info (332119):    -3.000       -11.995 Clock_registro 
Info: Analyzing Slow 1200mV 0C Model
Info (334003): Started post-fitting delay annotation
Info (334004): Delay annotation completed successfully
Info (332123): Deriving Clock Uncertainty. Please refer to report_sdc in TimeQuest to see clock uncertainties.
Critical Warning (332148): Timing requirements not met
    Info (11105): For recommendations on closing timing, run Report Timing Closure Recommendations in the TimeQuest Timing Analyzer.
Info (332146): Worst-case setup slack is -4.988
    Info (332119):     Slack End Point TNS Clock 
    Info (332119): ========= ============= =====================
    Info (332119):    -4.988       -27.457 SCL 
    Info (332119):     0.029         0.000 Clock_registro 
Info (332146): Worst-case hold slack is 0.119
    Info (332119):     Slack End Point TNS Clock 
    Info (332119): ========= ============= =====================
    Info (332119):     0.119         0.000 SCL 
    Info (332119):     0.401         0.000 Clock_registro 
Info (332140): No Recovery paths to report
Info (332140): No Removal paths to report
Info (332146): Worst-case minimum pulse width slack is -3.000
    Info (332119):     Slack End Point TNS Clock 
    Info (332119): ========= ============= =====================
    Info (332119):    -3.000       -37.695 SCL 
    Info (332119):    -3.000       -11.995 Clock_registro 
Info: Analyzing Fast 1200mV 0C Model
Info (332123): Deriving Clock Uncertainty. Please refer to report_sdc in TimeQuest to see clock uncertainties.
Critical Warning (332148): Timing requirements not met
    Info (11105): For recommendations on closing timing, run Report Timing Closure Recommendations in the TimeQuest Timing Analyzer.
Info (332146): Worst-case setup slack is -2.405
    Info (332119):     Slack End Point TNS Clock 
    Info (332119): ========= ============= =====================
    Info (332119):    -2.405       -10.359 SCL 
    Info (332119):     0.498         0.000 Clock_registro 
Info (332146): Worst-case hold slack is -0.045
    Info (332119):     Slack End Point TNS Clock 
    Info (332119): ========= ============= =====================
    Info (332119):    -0.045        -0.045 SCL 
    Info (332119):     0.191         0.000 Clock_registro 
Info (332140): No Recovery paths to report
Info (332140): No Removal paths to report
Info (332146): Worst-case minimum pulse width slack is -3.000
    Info (332119):     Slack End Point TNS Clock 
    Info (332119): ========= ============= =====================
    Info (332119):    -3.000       -30.171 SCL 
    Info (332119):    -3.000       -10.406 Clock_registro 
Info (332102): Design is not fully constrained for setup requirements
Info (332102): Design is not fully constrained for hold requirements
Info: Quartus II 64-Bit TimeQuest Timing Analyzer was successful. 0 errors, 5 warnings
    Info: Peak virtual memory: 4641 megabytes
    Info: Processing ended: Wed Nov 05 20:25:40 2025
    Info: Elapsed time: 00:00:05
    Info: Total CPU time (on all processors): 00:00:05


